id_venda,id_cliente,data_venda,valor_venda,custo,produto,canal_venda,lucro,margem_pct,nome,cidade
1,3,2025-01-01,1599.0,296.0,Produto D,Loja Física,1303.0,0.8148843026891808,Carla,Florianópolis
2,2,2025-01-01,1429.0,363.0,Produto E,Loja Física,1066.0,0.7459762071378586,Bruno,Curitiba
3,2,2025-01-01,587.0,276.0,Produto B,Loja Física,311.0,0.5298126064735945,Bruno,Curitiba
4,1,2025-01-02,634.0,543.0,Produto C,Online,91.0,0.14353312302839116,Ana,São Paulo
5,1,2025-01-02,827.0,382.0,Produto A,Online,445.0,0.5380894800483675,Ana,São Paulo
6,4,2025-01-02,504.0,380.0,Produto B,Online,124.0,0.24603174603174602,Diego,Rio de Janeiro
7,5,2025-01-02,591.0,443.0,Produto C,Online,148.0,0.25042301184433163,Elisa,Belo Horizonte
8,5,2025-01-02,1658.0,250.0,Produto E,Loja Física,1408.0,0.8492159227985525,Elisa,Belo Horizonte
9,3,2025-01-04,1970.0,378.0,Produto A,Loja Física,1592.0,0.8081218274111676,Carla,Florianópolis
10,1,2025-01-05,1304.0,394.0,Produto E,Loja Física,910.0,0.6978527607361963,Ana,São Paulo
11,5,2025-01-05,1663.0,1172.0,Produto B,Online,491.0,0.2952495490078172,Elisa,Belo Horizonte
12,2,2025-01-05,811.0,451.0,Produto B,Loja Física,360.0,0.4438964241676942,Bruno,Curitiba
13,2,2025-01-06,1869.0,1788.0,Produto B,Loja Física,81.0,0.04333868378812199,Bruno,Curitiba
14,5,2025-01-06,1905.0,668.0,Produto B,Online,1237.0,0.6493438320209973,Elisa,Belo Horizonte
15,2,2025-01-07,1263.0,666.0,Produto E,Online,597.0,0.47268408551068886,Bruno,Curitiba
16,2,2025-01-08,641.0,444.0,Produto D,Online,197.0,0.3073322932917317,Bruno,Curitiba
17,3,2025-01-08,808.0,808.0,Produto B,Online,0.0,0.0,Carla,Florianópolis
18,5,2025-01-08,1488.0,262.0,Produto C,Loja Física,1226.0,0.8239247311827957,Elisa,Belo Horizonte
19,4,2025-01-09,1558.0,1428.0,Produto C,Loja Física,130.0,0.0834403080872914,Diego,Rio de Janeiro
20,3,2025-01-11,1083.0,863.0,Produto B,Online,220.0,0.20313942751615882,Carla,Florianópolis
21,5,2025-01-12,1957.0,1360.0,Produto D,Online,597.0,0.30505876341338783,Elisa,Belo Horizonte
22,3,2025-01-13,1086.0,519.0,Produto D,Loja Física,567.0,0.5220994475138122,Carla,Florianópolis
23,2,2025-01-13,1768.0,919.0,Produto B,Online,849.0,0.4802036199095023,Bruno,Curitiba
24,3,2025-01-13,1758.0,1586.0,Produto D,Loja Física,172.0,0.09783845278725825,Carla,Florianópolis
25,1,2025-01-13,1514.0,1390.0,Produto A,Online,124.0,0.08190224570673713,Ana,São Paulo
26,1,2025-01-13,655.0,631.0,Produto B,Online,24.0,0.0366412213740458,Ana,São Paulo
27,2,2025-01-14,577.0,326.0,Produto D,Online,251.0,0.43500866551126516,Bruno,Curitiba
28,1,2025-01-14,1507.0,825.0,Produto E,Online,682.0,0.45255474452554745,Ana,São Paulo
29,3,2025-01-15,709.0,630.0,Produto C,Loja Física,79.0,0.11142454160789844,Carla,Florianópolis
30,2,2025-01-15,1555.0,1524.0,Produto E,Online,31.0,0.019935691318327974,Bruno,Curitiba
31,1,2025-01-16,1051.0,839.0,Produto C,Loja Física,212.0,0.2017126546146527,Ana,São Paulo
32,5,2025-01-16,1173.0,751.0,Produto E,Loja Física,422.0,0.3597612958226769,Elisa,Belo Horizonte
33,5,2025-01-16,1142.0,448.0,Produto B,Online,694.0,0.6077057793345009,Elisa,Belo Horizonte
34,5,2025-01-16,1145.0,1107.0,Produto D,Online,38.0,0.03318777292576419,Elisa,Belo Horizonte
35,5,2025-01-16,1474.0,458.0,Produto D,Loja Física,1016.0,0.689280868385346,Elisa,Belo Horizonte
36,2,2025-01-17,571.0,315.0,Produto E,Online,256.0,0.44833625218914186,Bruno,Curitiba
37,3,2025-01-17,878.0,424.0,Produto B,Online,454.0,0.5170842824601367,Carla,Florianópolis
38,4,2025-01-18,1504.0,1086.0,Produto C,Loja Física,418.0,0.2779255319148936,Diego,Rio de Janeiro
39,5,2025-01-18,1991.0,1426.0,Produto E,Loja Física,565.0,0.2837769964841788,Elisa,Belo Horizonte
40,3,2025-01-18,1480.0,1254.0,Produto B,Online,226.0,0.1527027027027027,Carla,Florianópolis
41,1,2025-01-18,1759.0,1692.0,Produto B,Online,67.0,0.03808982376350199,Ana,São Paulo
42,4,2025-01-18,1430.0,741.0,Produto A,Loja Física,689.0,0.4818181818181818,Diego,Rio de Janeiro
43,3,2025-01-19,1149.0,986.0,Produto D,Online,163.0,0.14186248912097477,Carla,Florianópolis
44,3,2025-01-19,713.0,607.0,Produto B,Loja Física,106.0,0.14866760168302945,Carla,Florianópolis
45,1,2025-01-19,1011.0,215.0,Produto D,Online,796.0,0.7873392680514342,Ana,São Paulo
46,1,2025-01-19,1267.0,303.0,Produto E,Online,964.0,0.760852407261247,Ana,São Paulo
47,1,2025-01-20,1364.0,772.0,Produto A,Loja Física,592.0,0.4340175953079179,Ana,São Paulo
48,5,2025-01-20,614.0,557.0,Produto D,Loja Física,57.0,0.09283387622149837,Elisa,Belo Horizonte
49,2,2025-01-20,519.0,249.0,Produto D,Online,270.0,0.5202312138728323,Bruno,Curitiba
50,4,2025-01-20,1384.0,1108.0,Produto C,Loja Física,276.0,0.1994219653179191,Diego,Rio de Janeiro
51,3,2025-01-21,1898.0,1325.0,Produto D,Loja Física,573.0,0.3018967334035827,Carla,Florianópolis
52,5,2025-01-21,1846.0,547.0,Produto A,Loja Física,1299.0,0.7036836403033586,Elisa,Belo Horizonte
53,1,2025-01-21,1407.0,323.0,Produto A,Loja Física,1084.0,0.7704335465529495,Ana,São Paulo
54,2,2025-01-22,670.0,468.0,Produto B,Loja Física,202.0,0.30149253731343284,Bruno,Curitiba
55,5,2025-01-22,778.0,403.0,Produto E,Online,375.0,0.4820051413881748,Elisa,Belo Horizonte
56,5,2025-01-22,1729.0,1080.0,Produto A,Online,649.0,0.37536148062463853,Elisa,Belo Horizonte
57,5,2025-01-22,1839.0,1408.0,Produto C,Loja Física,431.0,0.23436650353452965,Elisa,Belo Horizonte
58,4,2025-01-22,1027.0,369.0,Produto D,Loja Física,658.0,0.6407010710808179,Diego,Rio de Janeiro
59,1,2025-01-23,1008.0,982.0,Produto A,Loja Física,26.0,0.025793650793650792,Ana,São Paulo
60,1,2025-01-23,1739.0,1495.0,Produto D,Loja Física,244.0,0.1403105232892467,Ana,São Paulo
61,5,2025-01-23,1431.0,894.0,Produto E,Loja Física,537.0,0.3752620545073375,Elisa,Belo Horizonte
62,2,2025-01-24,1879.0,1612.0,Produto D,Loja Física,267.0,0.14209686003193187,Bruno,Curitiba
63,5,2025-01-24,1364.0,787.0,Produto A,Loja Física,577.0,0.42302052785923755,Elisa,Belo Horizonte
64,1,2025-01-24,982.0,387.0,Produto E,Loja Física,595.0,0.6059063136456212,Ana,São Paulo
65,4,2025-01-24,1554.0,1224.0,Produto D,Online,330.0,0.21235521235521235,Diego,Rio de Janeiro
66,3,2025-01-25,705.0,359.0,Produto D,Online,346.0,0.4907801418439716,Carla,Florianópolis
67,1,2025-01-26,1533.0,427.0,Produto B,Online,1106.0,0.7214611872146118,Ana,São Paulo
68,5,2025-01-26,936.0,547.0,Produto D,Loja Física,389.0,0.4155982905982906,Elisa,Belo Horizonte
69,3,2025-01-26,662.0,288.0,Produto D,Online,374.0,0.5649546827794562,Carla,Florianópolis
70,3,2025-01-26,792.0,644.0,Produto B,Online,148.0,0.18686868686868688,Carla,Florianópolis
71,4,2025-01-26,1305.0,309.0,Produto B,Online,996.0,0.7632183908045977,Diego,Rio de Janeiro
72,3,2025-01-27,743.0,717.0,Produto C,Online,26.0,0.034993270524899055,Carla,Florianópolis
73,3,2025-01-27,1070.0,305.0,Produto D,Online,765.0,0.7149532710280374,Carla,Florianópolis
74,2,2025-01-27,1291.0,755.0,Produto C,Loja Física,536.0,0.41518202943454685,Bruno,Curitiba
75,2,2025-01-28,1378.0,283.0,Produto A,Online,1095.0,0.7946298984034833,Bruno,Curitiba
76,3,2025-01-29,1240.0,928.0,Produto E,Online,312.0,0.25161290322580643,Carla,Florianópolis
77,2,2025-01-29,1074.0,261.0,Produto A,Online,813.0,0.7569832402234636,Bruno,Curitiba
78,1,2025-01-30,531.0,289.0,Produto B,Loja Física,242.0,0.455743879472693,Ana,São Paulo
79,1,2025-01-30,1227.0,313.0,Produto B,Loja Física,914.0,0.7449062754686226,Ana,São Paulo
80,4,2025-01-30,1288.0,894.0,Produto C,Loja Física,394.0,0.3059006211180124,Diego,Rio de Janeiro
81,4,2025-02-01,1229.0,697.0,Produto D,Online,532.0,0.43287225386493083,Diego,Rio de Janeiro
82,4,2025-02-01,1800.0,428.0,Produto A,Loja Física,1372.0,0.7622222222222222,Diego,Rio de Janeiro
83,2,2025-02-01,858.0,344.0,Produto D,Loja Física,514.0,0.5990675990675991,Bruno,Curitiba
84,5,2025-02-03,1492.0,1145.0,Produto B,Loja Física,347.0,0.23257372654155495,Elisa,Belo Horizonte
85,1,2025-02-03,993.0,212.0,Produto B,Loja Física,781.0,0.7865055387713998,Ana,São Paulo
86,1,2025-02-03,1427.0,657.0,Produto B,Loja Física,770.0,0.539593552908199,Ana,São Paulo
87,2,2025-02-06,1417.0,739.0,Produto D,Online,678.0,0.4784756527875794,Bruno,Curitiba
88,1,2025-02-07,915.0,907.0,Produto E,Online,8.0,0.008743169398907104,Ana,São Paulo
89,5,2025-02-08,541.0,243.0,Produto C,Loja Física,298.0,0.5508317929759704,Elisa,Belo Horizonte
90,1,2025-02-09,942.0,885.0,Produto B,Online,57.0,0.06050955414012739,Ana,São Paulo
91,4,2025-02-09,1945.0,1298.0,Produto D,Loja Física,647.0,0.3326478149100257,Diego,Rio de Janeiro
92,1,2025-02-09,1112.0,892.0,Produto C,Online,220.0,0.19784172661870503,Ana,São Paulo
93,4,2025-02-10,1140.0,1090.0,Produto C,Loja Física,50.0,0.043859649122807015,Diego,Rio de Janeiro
94,1,2025-02-10,660.0,345.0,Produto A,Loja Física,315.0,0.4772727272727273,Ana,São Paulo
95,5,2025-02-10,568.0,302.0,Produto A,Online,266.0,0.46830985915492956,Elisa,Belo Horizonte
96,5,2025-02-10,1768.0,1475.0,Produto C,Loja Física,293.0,0.16572398190045248,Elisa,Belo Horizonte
97,4,2025-02-10,1118.0,769.0,Produto E,Loja Física,349.0,0.31216457960644006,Diego,Rio de Janeiro
98,1,2025-02-12,1866.0,1271.0,Produto D,Online,595.0,0.31886387995712756,Ana,São Paulo
99,3,2025-02-12,1440.0,1002.0,Produto B,Loja Física,438.0,0.30416666666666664,Carla,Florianópolis
100,4,2025-02-12,1528.0,357.0,Produto A,Loja Física,1171.0,0.7663612565445026,Diego,Rio de Janeiro
101,1,2025-02-12,650.0,462.0,Produto B,Loja Física,188.0,0.28923076923076924,Ana,São Paulo
102,4,2025-02-13,1873.0,1475.0,Produto B,Online,398.0,0.21249332621462894,Diego,Rio de Janeiro
103,2,2025-02-13,599.0,557.0,Produto A,Online,42.0,0.07011686143572621,Bruno,Curitiba
104,1,2025-02-13,838.0,548.0,Produto D,Loja Física,290.0,0.3460620525059666,Ana,São Paulo
105,3,2025-02-13,1882.0,1880.0,Produto C,Loja Física,2.0,0.0010626992561105207,Carla,Florianópolis
106,4,2025-02-14,1055.0,615.0,Produto B,Online,440.0,0.41706161137440756,Diego,Rio de Janeiro
107,4,2025-02-14,670.0,386.0,Produto E,Loja Física,284.0,0.42388059701492536,Diego,Rio de Janeiro
108,3,2025-02-14,1393.0,351.0,Produto D,Loja Física,1042.0,0.7480258435032304,Carla,Florianópolis
109,5,2025-02-14,1295.0,969.0,Produto D,Online,326.0,0.2517374517374517,Elisa,Belo Horizonte
110,3,2025-02-14,940.0,251.0,Produto B,Online,689.0,0.7329787234042553,Carla,Florianópolis
111,1,2025-02-15,1050.0,298.0,Produto D,Loja Física,752.0,0.7161904761904762,Ana,São Paulo
112,1,2025-02-15,1099.0,1064.0,Produto E,Online,35.0,0.03184713375796178,Ana,São Paulo
113,1,2025-02-15,1863.0,847.0,Produto D,Online,1016.0,0.5453569511540526,Ana,São Paulo
114,1,2025-02-15,778.0,545.0,Produto E,Online,233.0,0.2994858611825193,Ana,São Paulo
115,4,2025-02-16,1077.0,569.0,Produto E,Online,508.0,0.47168059424326836,Diego,Rio de Janeiro
116,5,2025-02-16,927.0,353.0,Produto C,Online,574.0,0.6192017259978425,Elisa,Belo Horizonte
117,1,2025-02-16,946.0,847.0,Produto E,Online,99.0,0.10465116279069768,Ana,São Paulo
118,1,2025-02-19,1321.0,334.0,Produto A,Online,987.0,0.7471612414837244,Ana,São Paulo
119,3,2025-02-19,1286.0,643.0,Produto D,Loja Física,643.0,0.5,Carla,Florianópolis
120,2,2025-02-19,500.0,314.0,Produto A,Loja Física,186.0,0.372,Bruno,Curitiba
121,3,2025-02-20,1176.0,902.0,Produto D,Loja Física,274.0,0.23299319727891157,Carla,Florianópolis
122,1,2025-02-20,1685.0,407.0,Produto D,Loja Física,1278.0,0.7584569732937686,Ana,São Paulo
123,1,2025-02-21,1367.0,1149.0,Produto E,Loja Física,218.0,0.15947329919531822,Ana,São Paulo
124,4,2025-02-21,1955.0,678.0,Produto C,Loja Física,1277.0,0.6531969309462916,Diego,Rio de Janeiro
125,2,2025-02-23,1008.0,974.0,Produto A,Online,34.0,0.03373015873015873,Bruno,Curitiba
126,2,2025-02-24,1964.0,1190.0,Produto D,Loja Física,774.0,0.3940936863543788,Bruno,Curitiba
127,2,2025-02-24,601.0,583.0,Produto E,Loja Física,18.0,0.029950083194675542,Bruno,Curitiba
128,5,2025-02-24,893.0,686.0,Produto D,Loja Física,207.0,0.23180291153415453,Elisa,Belo Horizonte
129,4,2025-02-24,1370.0,392.0,Produto B,Loja Física,978.0,0.7138686131386861,Diego,Rio de Janeiro
130,1,2025-02-24,1672.0,741.0,Produto B,Loja Física,931.0,0.5568181818181818,Ana,São Paulo
131,3,2025-02-25,691.0,409.0,Produto E,Online,282.0,0.4081041968162084,Carla,Florianópolis
132,3,2025-02-26,1481.0,1449.0,Produto E,Loja Física,32.0,0.02160702228224173,Carla,Florianópolis
133,1,2025-02-27,1098.0,227.0,Produto E,Online,871.0,0.7932604735883424,Ana,São Paulo
134,4,2025-02-28,1401.0,889.0,Produto B,Online,512.0,0.3654532476802284,Diego,Rio de Janeiro
135,2,2025-02-28,1642.0,1040.0,Produto A,Loja Física,602.0,0.36662606577344703,Bruno,Curitiba
136,3,2025-02-28,1246.0,307.0,Produto A,Loja Física,939.0,0.7536115569823435,Carla,Florianópolis
137,2,2025-03-01,1892.0,1468.0,Produto E,Online,424.0,0.22410147991543342,Bruno,Curitiba
138,4,2025-03-01,1000.0,227.0,Produto C,Loja Física,773.0,0.773,Diego,Rio de Janeiro
139,4,2025-03-01,1978.0,962.0,Produto C,Loja Física,1016.0,0.5136501516683518,Diego,Rio de Janeiro
140,3,2025-03-01,1640.0,1066.0,Produto D,Online,574.0,0.35,Carla,Florianópolis
141,5,2025-03-01,885.0,274.0,Produto C,Loja Física,611.0,0.6903954802259887,Elisa,Belo Horizonte
142,3,2025-03-03,1855.0,1060.0,Produto E,Online,795.0,0.42857142857142855,Carla,Florianópolis
143,4,2025-03-03,1862.0,1234.0,Produto B,Loja Física,628.0,0.3372717508055854,Diego,Rio de Janeiro
144,4,2025-03-03,1878.0,1147.0,Produto A,Online,731.0,0.38924387646432373,Diego,Rio de Janeiro
145,3,2025-03-04,935.0,207.0,Produto C,Online,728.0,0.7786096256684492,Carla,Florianópolis
146,4,2025-03-04,987.0,339.0,Produto B,Online,648.0,0.6565349544072948,Diego,Rio de Janeiro
147,1,2025-03-07,1301.0,745.0,Produto D,Loja Física,556.0,0.42736356648731744,Ana,São Paulo
148,2,2025-03-07,1404.0,306.0,Produto C,Loja Física,1098.0,0.782051282051282,Bruno,Curitiba
149,4,2025-03-07,1597.0,1525.0,Produto B,Loja Física,72.0,0.045084533500313086,Diego,Rio de Janeiro
150,2,2025-03-09,1754.0,279.0,Produto D,Loja Física,1475.0,0.8409350057012542,Bruno,Curitiba
151,3,2025-03-09,1421.0,433.0,Produto A,Loja Física,988.0,0.6952850105559465,Carla,Florianópolis
152,1,2025-03-09,968.0,636.0,Produto A,Online,332.0,0.34297520661157027,Ana,São Paulo
153,5,2025-03-10,1151.0,664.0,Produto A,Loja Física,487.0,0.42311033883579496,Elisa,Belo Horizonte
154,5,2025-03-10,902.0,749.0,Produto A,Online,153.0,0.1696230598669623,Elisa,Belo Horizonte
155,2,2025-03-10,1425.0,208.0,Produto D,Loja Física,1217.0,0.8540350877192983,Bruno,Curitiba
156,2,2025-03-10,1259.0,838.0,Produto E,Online,421.0,0.33439237490071483,Bruno,Curitiba
157,5,2025-03-10,1748.0,1247.0,Produto B,Online,501.0,0.2866132723112128,Elisa,Belo Horizonte
158,5,2025-03-11,630.0,335.0,Produto C,Online,295.0,0.46825396825396826,Elisa,Belo Horizonte
159,5,2025-03-11,1086.0,423.0,Produto D,Loja Física,663.0,0.6104972375690608,Elisa,Belo Horizonte
160,5,2025-03-13,652.0,651.0,Produto E,Loja Física,1.0,0.0015337423312883436,Elisa,Belo Horizonte
161,2,2025-03-13,777.0,517.0,Produto B,Online,260.0,0.33462033462033464,Bruno,Curitiba
162,2,2025-03-13,899.0,214.0,Produto A,Online,685.0,0.7619577308120133,Bruno,Curitiba
163,1,2025-03-13,842.0,794.0,Produto C,Online,48.0,0.057007125890736345,Ana,São Paulo
164,2,2025-03-13,1546.0,845.0,Produto B,Online,701.0,0.4534282018111255,Bruno,Curitiba
165,4,2025-03-14,1721.0,500.0,Produto A,Loja Física,1221.0,0.7094712376525276,Diego,Rio de Janeiro
166,4,2025-03-15,1876.0,1776.0,Produto E,Online,100.0,0.053304904051172705,Diego,Rio de Janeiro
167,2,2025-03-15,1556.0,388.0,Produto A,Online,1168.0,0.7506426735218509,Bruno,Curitiba
168,5,2025-03-16,685.0,504.0,Produto D,Loja Física,181.0,0.26423357664233577,Elisa,Belo Horizonte
169,4,2025-03-16,675.0,525.0,Produto B,Loja Física,150.0,0.2222222222222222,Diego,Rio de Janeiro
170,5,2025-03-16,889.0,749.0,Produto D,Loja Física,140.0,0.15748031496062992,Elisa,Belo Horizonte
171,5,2025-03-16,552.0,501.0,Produto D,Online,51.0,0.09239130434782608,Elisa,Belo Horizonte
172,5,2025-03-17,1251.0,1246.0,Produto D,Loja Física,5.0,0.003996802557953637,Elisa,Belo Horizonte
173,3,2025-03-17,1753.0,920.0,Produto C,Loja Física,833.0,0.47518539646320596,Carla,Florianópolis
174,1,2025-03-18,1224.0,818.0,Produto B,Loja Física,406.0,0.33169934640522875,Ana,São Paulo
175,1,2025-03-18,1886.0,1223.0,Produto B,Online,663.0,0.3515376458112407,Ana,São Paulo
176,3,2025-03-20,1783.0,499.0,Produto D,Loja Física,1284.0,0.7201346045989905,Carla,Florianópolis
177,2,2025-03-20,1540.0,535.0,Produto E,Online,1005.0,0.6525974025974026,Bruno,Curitiba
178,1,2025-03-20,1186.0,1147.0,Produto D,Online,39.0,0.03288364249578415,Ana,São Paulo
179,3,2025-03-21,1879.0,1310.0,Produto E,Online,569.0,0.30282064928153274,Carla,Florianópolis
180,1,2025-03-23,1662.0,960.0,Produto D,Online,702.0,0.4223826714801444,Ana,São Paulo
181,5,2025-03-23,877.0,607.0,Produto C,Online,270.0,0.30786773090079816,Elisa,Belo Horizonte
182,5,2025-03-23,851.0,748.0,Produto E,Online,103.0,0.12103407755581669,Elisa,Belo Horizonte
183,4,2025-03-24,1755.0,823.0,Produto D,Loja Física,932.0,0.531054131054131,Diego,Rio de Janeiro
184,4,2025-03-26,1876.0,672.0,Produto D,Loja Física,1204.0,0.6417910447761194,Diego,Rio de Janeiro
185,5,2025-03-26,1693.0,851.0,Produto B,Online,842.0,0.49734199645599525,Elisa,Belo Horizonte
186,5,2025-03-26,892.0,855.0,Produto C,Online,37.0,0.04147982062780269,Elisa,Belo Horizonte
187,3,2025-03-26,1626.0,773.0,Produto C,Online,853.0,0.52460024600246,Carla,Florianópolis
188,5,2025-03-26,1076.0,363.0,Produto C,Loja Física,713.0,0.662639405204461,Elisa,Belo Horizonte
189,4,2025-03-27,890.0,861.0,Produto D,Loja Física,29.0,0.03258426966292135,Diego,Rio de Janeiro
190,4,2025-03-27,709.0,342.0,Produto E,Loja Física,367.0,0.5176304654442877,Diego,Rio de Janeiro
191,4,2025-03-27,1428.0,1366.0,Produto D,Online,62.0,0.04341736694677871,Diego,Rio de Janeiro
192,4,2025-03-27,698.0,217.0,Produto C,Loja Física,481.0,0.6891117478510028,Diego,Rio de Janeiro
193,3,2025-03-28,1085.0,457.0,Produto B,Online,628.0,0.5788018433179724,Carla,Florianópolis
194,4,2025-03-28,971.0,402.0,Produto A,Online,569.0,0.5859938208032955,Diego,Rio de Janeiro
195,5,2025-03-28,1720.0,590.0,Produto B,Online,1130.0,0.6569767441860465,Elisa,Belo Horizonte
196,4,2025-03-28,935.0,485.0,Produto A,Loja Física,450.0,0.48128342245989303,Diego,Rio de Janeiro
197,2,2025-03-29,1240.0,866.0,Produto D,Online,374.0,0.3016129032258065,Bruno,Curitiba
198,3,2025-03-29,1192.0,914.0,Produto C,Online,278.0,0.2332214765100671,Carla,Florianópolis
199,1,2025-03-29,1757.0,830.0,Produto C,Loja Física,927.0,0.5276038702333523,Ana,São Paulo
200,1,2025-03-30,1014.0,887.0,Produto C,Loja Física,127.0,0.1252465483234714,Ana,São Paulo
201,4,2025-03-31,839.0,328.0,Produto C,Loja Física,511.0,0.6090584028605482,Diego,Rio de Janeiro
202,5,2025-03-31,1640.0,687.0,Produto B,Loja Física,953.0,0.5810975609756097,Elisa,Belo Horizonte
203,4,2025-03-31,1055.0,568.0,Produto C,Online,487.0,0.46161137440758293,Diego,Rio de Janeiro
204,3,2025-03-31,598.0,519.0,Produto B,Online,79.0,0.13210702341137123,Carla,Florianópolis
205,4,2025-03-31,1277.0,210.0,Produto D,Online,1067.0,0.8355520751761942,Diego,Rio de Janeiro
206,3,2025-04-01,955.0,545.0,Produto C,Online,410.0,0.4293193717277487,Carla,Florianópolis
207,3,2025-04-01,1514.0,1291.0,Produto D,Online,223.0,0.14729194187582562,Carla,Florianópolis
208,5,2025-04-01,1268.0,827.0,Produto D,Online,441.0,0.3477917981072555,Elisa,Belo Horizonte
209,3,2025-04-01,1156.0,363.0,Produto B,Loja Física,793.0,0.6859861591695502,Carla,Florianópolis
210,3,2025-04-02,1418.0,990.0,Produto E,Loja Física,428.0,0.3018335684062059,Carla,Florianópolis
211,2,2025-04-02,605.0,395.0,Produto D,Online,210.0,0.34710743801652894,Bruno,Curitiba
212,4,2025-04-02,1851.0,1639.0,Produto D,Online,212.0,0.11453268503511616,Diego,Rio de Janeiro
213,3,2025-04-02,1108.0,1032.0,Produto C,Online,76.0,0.06859205776173286,Carla,Florianópolis
214,3,2025-04-06,1160.0,770.0,Produto B,Online,390.0,0.33620689655172414,Carla,Florianópolis
215,4,2025-04-06,986.0,336.0,Produto A,Loja Física,650.0,0.6592292089249493,Diego,Rio de Janeiro
216,1,2025-04-06,991.0,908.0,Produto A,Online,83.0,0.08375378405650857,Ana,São Paulo
217,5,2025-04-06,1622.0,370.0,Produto A,Online,1252.0,0.7718865598027127,Elisa,Belo Horizonte
218,3,2025-04-06,912.0,793.0,Produto C,Online,119.0,0.13048245614035087,Carla,Florianópolis
219,4,2025-04-07,626.0,493.0,Produto B,Loja Física,133.0,0.2124600638977636,Diego,Rio de Janeiro
220,3,2025-04-07,1903.0,1030.0,Produto D,Online,873.0,0.45874934314240673,Carla,Florianópolis
221,5,2025-04-08,544.0,500.0,Produto A,Online,44.0,0.08088235294117647,Elisa,Belo Horizonte
222,3,2025-04-08,736.0,427.0,Produto E,Online,309.0,0.41983695652173914,Carla,Florianópolis
223,2,2025-04-08,864.0,449.0,Produto C,Loja Física,415.0,0.48032407407407407,Bruno,Curitiba
224,2,2025-04-08,1988.0,675.0,Produto D,Loja Física,1313.0,0.6604627766599598,Bruno,Curitiba
225,2,2025-04-08,1976.0,804.0,Produto D,Loja Física,1172.0,0.5931174089068826,Bruno,Curitiba
226,5,2025-04-09,1667.0,853.0,Produto C,Loja Física,814.0,0.48830233953209357,Elisa,Belo Horizonte
227,3,2025-04-09,687.0,355.0,Produto C,Online,332.0,0.48326055312954874,Carla,Florianópolis
228,2,2025-04-09,851.0,211.0,Produto B,Loja Física,640.0,0.7520564042303173,Bruno,Curitiba
229,4,2025-04-10,586.0,388.0,Produto D,Loja Física,198.0,0.3378839590443686,Diego,Rio de Janeiro
230,1,2025-04-12,794.0,383.0,Produto B,Loja Física,411.0,0.517632241813602,Ana,São Paulo
231,4,2025-04-12,1197.0,666.0,Produto A,Loja Física,531.0,0.44360902255639095,Diego,Rio de Janeiro
232,1,2025-04-12,533.0,343.0,Produto E,Online,190.0,0.35647279549718575,Ana,São Paulo
233,4,2025-04-13,1030.0,420.0,Produto E,Loja Física,610.0,0.5922330097087378,Diego,Rio de Janeiro
234,4,2025-04-13,629.0,297.0,Produto D,Online,332.0,0.5278219395866455,Diego,Rio de Janeiro
235,5,2025-04-13,1795.0,571.0,Produto D,Loja Física,1224.0,0.6818941504178273,Elisa,Belo Horizonte
236,2,2025-04-13,531.0,450.0,Produto E,Loja Física,81.0,0.15254237288135594,Bruno,Curitiba
237,2,2025-04-13,1880.0,726.0,Produto D,Loja Física,1154.0,0.6138297872340426,Bruno,Curitiba
238,4,2025-04-14,900.0,888.0,Produto B,Loja Física,12.0,0.013333333333333334,Diego,Rio de Janeiro
239,1,2025-04-14,914.0,629.0,Produto B,Online,285.0,0.31181619256017507,Ana,São Paulo
240,3,2025-04-14,1378.0,1089.0,Produto B,Online,289.0,0.20972423802612483,Carla,Florianópolis
241,3,2025-04-14,1782.0,1336.0,Produto E,Online,446.0,0.250280583613917,Carla,Florianópolis
242,3,2025-04-15,640.0,327.0,Produto B,Online,313.0,0.4890625,Carla,Florianópolis
243,2,2025-04-15,1342.0,1034.0,Produto A,Loja Física,308.0,0.22950819672131148,Bruno,Curitiba
244,3,2025-04-15,1778.0,920.0,Produto B,Loja Física,858.0,0.48256467941507314,Carla,Florianópolis
245,1,2025-04-16,1904.0,1560.0,Produto A,Loja Física,344.0,0.18067226890756302,Ana,São Paulo
246,2,2025-04-16,766.0,542.0,Produto D,Online,224.0,0.2924281984334204,Bruno,Curitiba
247,2,2025-04-17,1716.0,812.0,Produto E,Online,904.0,0.5268065268065268,Bruno,Curitiba
248,2,2025-04-17,1749.0,295.0,Produto C,Online,1454.0,0.8313321898227558,Bruno,Curitiba
249,2,2025-04-17,1762.0,1649.0,Produto C,Loja Física,113.0,0.0641316685584563,Bruno,Curitiba
250,2,2025-04-18,1989.0,1856.0,Produto A,Loja Física,133.0,0.06686777275012569,Bruno,Curitiba
251,1,2025-04-18,1094.0,851.0,Produto A,Online,243.0,0.22212065813528337,Ana,São Paulo
252,1,2025-04-18,1516.0,1472.0,Produto D,Online,44.0,0.029023746701846966,Ana,São Paulo
253,1,2025-04-18,1805.0,932.0,Produto C,Online,873.0,0.48365650969529084,Ana,São Paulo
254,3,2025-04-19,1689.0,973.0,Produto C,Online,716.0,0.42391947898164595,Carla,Florianópolis
255,3,2025-04-19,840.0,424.0,Produto E,Loja Física,416.0,0.49523809523809526,Carla,Florianópolis
256,2,2025-04-19,1628.0,893.0,Produto D,Online,735.0,0.4514742014742015,Bruno,Curitiba
257,4,2025-04-19,926.0,896.0,Produto E,Online,30.0,0.032397408207343416,Diego,Rio de Janeiro
258,4,2025-04-19,1898.0,1390.0,Produto A,Loja Física,508.0,0.26765015806111697,Diego,Rio de Janeiro
259,3,2025-04-20,1273.0,778.0,Produto C,Loja Física,495.0,0.38884524744697563,Carla,Florianópolis
260,5,2025-04-21,1296.0,265.0,Produto B,Online,1031.0,0.7955246913580247,Elisa,Belo Horizonte
261,1,2025-04-22,853.0,367.0,Produto B,Online,486.0,0.5697538100820633,Ana,São Paulo
262,4,2025-04-22,1305.0,869.0,Produto E,Online,436.0,0.3340996168582375,Diego,Rio de Janeiro
263,3,2025-04-23,986.0,815.0,Produto C,Loja Física,171.0,0.17342799188640973,Carla,Florianópolis
264,1,2025-04-25,881.0,673.0,Produto A,Loja Física,208.0,0.23609534619750283,Ana,São Paulo
265,1,2025-04-25,1733.0,295.0,Produto A,Loja Física,1438.0,0.8297749567224466,Ana,São Paulo
266,2,2025-04-25,1443.0,398.0,Produto D,Online,1045.0,0.7241857241857241,Bruno,Curitiba
267,4,2025-04-25,1976.0,1633.0,Produto A,Loja Física,343.0,0.173582995951417,Diego,Rio de Janeiro
268,4,2025-04-26,1060.0,1043.0,Produto E,Loja Física,17.0,0.016037735849056604,Diego,Rio de Janeiro
269,4,2025-04-26,1045.0,454.0,Produto D,Loja Física,591.0,0.5655502392344498,Diego,Rio de Janeiro
270,3,2025-04-26,1889.0,958.0,Produto C,Online,931.0,0.49285336156696663,Carla,Florianópolis
271,2,2025-04-26,1494.0,378.0,Produto D,Loja Física,1116.0,0.7469879518072289,Bruno,Curitiba
272,4,2025-04-28,1727.0,382.0,Produto E,Loja Física,1345.0,0.7788071800810654,Diego,Rio de Janeiro
273,1,2025-04-28,1580.0,690.0,Produto E,Online,890.0,0.5632911392405063,Ana,São Paulo
274,4,2025-04-28,525.0,441.0,Produto C,Loja Física,84.0,0.16,Diego,Rio de Janeiro
275,5,2025-04-28,1151.0,305.0,Produto D,Loja Física,846.0,0.73501303214596,Elisa,Belo Horizonte
276,3,2025-04-29,964.0,735.0,Produto C,Loja Física,229.0,0.237551867219917,Carla,Florianópolis
277,4,2025-04-29,1112.0,335.0,Produto B,Loja Física,777.0,0.6987410071942446,Diego,Rio de Janeiro
278,2,2025-04-30,565.0,326.0,Produto C,Loja Física,239.0,0.4230088495575221,Bruno,Curitiba
279,2,2025-04-30,1632.0,833.0,Produto B,Loja Física,799.0,0.4895833333333333,Bruno,Curitiba
280,5,2025-04-30,627.0,557.0,Produto B,Online,70.0,0.11164274322169059,Elisa,Belo Horizonte
281,4,2025-05-01,1203.0,987.0,Produto A,Loja Física,216.0,0.17955112219451372,Diego,Rio de Janeiro
282,5,2025-05-01,878.0,740.0,Produto B,Loja Física,138.0,0.1571753986332574,Elisa,Belo Horizonte
283,3,2025-05-01,1677.0,1384.0,Produto B,Online,293.0,0.17471675611210494,Carla,Florianópolis
284,1,2025-05-01,749.0,671.0,Produto E,Online,78.0,0.1041388518024032,Ana,São Paulo
285,5,2025-05-01,1305.0,650.0,Produto E,Loja Física,655.0,0.5019157088122606,Elisa,Belo Horizonte
286,4,2025-05-02,1723.0,912.0,Produto A,Online,811.0,0.4706906558328497,Diego,Rio de Janeiro
287,2,2025-05-02,1973.0,430.0,Produto B,Online,1543.0,0.7820577800304105,Bruno,Curitiba
288,4,2025-05-02,1925.0,502.0,Produto D,Loja Física,1423.0,0.7392207792207792,Diego,Rio de Janeiro
289,1,2025-05-02,613.0,541.0,Produto C,Loja Física,72.0,0.11745513866231648,Ana,São Paulo
290,5,2025-05-03,948.0,835.0,Produto D,Loja Física,113.0,0.11919831223628692,Elisa,Belo Horizonte
291,1,2025-05-04,1743.0,1103.0,Produto A,Online,640.0,0.36718301778542745,Ana,São Paulo
292,3,2025-05-04,1056.0,551.0,Produto A,Online,505.0,0.47821969696969696,Carla,Florianópolis
293,1,2025-05-04,1182.0,494.0,Produto A,Online,688.0,0.5820642978003384,Ana,São Paulo
294,4,2025-05-04,810.0,741.0,Produto B,Loja Física,69.0,0.08518518518518518,Diego,Rio de Janeiro
295,1,2025-05-04,1755.0,669.0,Produto E,Loja Física,1086.0,0.6188034188034188,Ana,São Paulo
296,1,2025-05-05,1858.0,786.0,Produto E,Online,1072.0,0.5769644779332616,Ana,São Paulo
297,1,2025-05-05,917.0,769.0,Produto C,Online,148.0,0.1613958560523446,Ana,São Paulo
298,5,2025-05-06,1104.0,316.0,Produto E,Online,788.0,0.7137681159420289,Elisa,Belo Horizonte
299,3,2025-05-06,555.0,428.0,Produto B,Loja Física,127.0,0.22882882882882882,Carla,Florianópolis
300,3,2025-05-06,1284.0,349.0,Produto A,Loja Física,935.0,0.7281931464174455,Carla,Florianópolis
301,3,2025-05-06,1529.0,658.0,Produto E,Online,871.0,0.5696533682145193,Carla,Florianópolis
302,4,2025-05-06,1099.0,475.0,Produto C,Online,624.0,0.5677888989990901,Diego,Rio de Janeiro
303,1,2025-05-07,1837.0,1444.0,Produto E,Online,393.0,0.21393576483396842,Ana,São Paulo
304,3,2025-05-07,1951.0,1672.0,Produto B,Online,279.0,0.14300358790363915,Carla,Florianópolis
305,2,2025-05-08,1583.0,298.0,Produto B,Online,1285.0,0.8117498420720152,Bruno,Curitiba
306,4,2025-05-08,1419.0,385.0,Produto D,Online,1034.0,0.7286821705426356,Diego,Rio de Janeiro
307,2,2025-05-08,1411.0,210.0,Produto B,Online,1201.0,0.851169383416017,Bruno,Curitiba
308,5,2025-05-08,652.0,524.0,Produto A,Loja Física,128.0,0.19631901840490798,Elisa,Belo Horizonte
309,1,2025-05-08,1977.0,1750.0,Produto D,Online,227.0,0.11482043500252909,Ana,São Paulo
310,2,2025-05-09,1249.0,718.0,Produto E,Online,531.0,0.42514011208967173,Bruno,Curitiba
311,3,2025-05-09,1149.0,558.0,Produto C,Online,591.0,0.5143603133159269,Carla,Florianópolis
312,3,2025-05-10,1110.0,542.0,Produto D,Loja Física,568.0,0.5117117117117117,Carla,Florianópolis
313,1,2025-05-10,691.0,566.0,Produto E,Loja Física,125.0,0.1808972503617945,Ana,São Paulo
314,4,2025-05-10,938.0,770.0,Produto E,Online,168.0,0.1791044776119403,Diego,Rio de Janeiro
315,1,2025-05-10,653.0,376.0,Produto D,Online,277.0,0.4241960183767228,Ana,São Paulo
316,4,2025-05-10,509.0,378.0,Produto E,Online,131.0,0.25736738703339884,Diego,Rio de Janeiro
317,3,2025-05-13,1212.0,737.0,Produto C,Online,475.0,0.3919141914191419,Carla,Florianópolis
318,1,2025-05-13,1704.0,1114.0,Produto D,Loja Física,590.0,0.34624413145539906,Ana,São Paulo
319,4,2025-05-13,640.0,254.0,Produto E,Online,386.0,0.603125,Diego,Rio de Janeiro
320,2,2025-05-13,1189.0,211.0,Produto C,Online,978.0,0.8225399495374264,Bruno,Curitiba
321,3,2025-05-13,1664.0,1330.0,Produto D,Loja Física,334.0,0.20072115384615385,Carla,Florianópolis
322,1,2025-05-14,825.0,667.0,Produto B,Online,158.0,0.19151515151515153,Ana,São Paulo
323,1,2025-05-14,1044.0,905.0,Produto B,Online,139.0,0.1331417624521073,Ana,São Paulo
324,4,2025-05-15,1670.0,590.0,Produto D,Loja Física,1080.0,0.6467065868263473,Diego,Rio de Janeiro
325,5,2025-05-15,806.0,269.0,Produto C,Loja Física,537.0,0.6662531017369727,Elisa,Belo Horizonte
326,4,2025-05-15,1694.0,1567.0,Produto C,Loja Física,127.0,0.07497048406139316,Diego,Rio de Janeiro
327,1,2025-05-15,1803.0,837.0,Produto B,Online,966.0,0.5357737104825291,Ana,São Paulo
328,1,2025-05-15,554.0,435.0,Produto C,Online,119.0,0.2148014440433213,Ana,São Paulo
329,4,2025-05-16,1068.0,992.0,Produto A,Loja Física,76.0,0.07116104868913857,Diego,Rio de Janeiro
330,3,2025-05-16,1774.0,427.0,Produto B,Online,1347.0,0.7593010146561443,Carla,Florianópolis
331,2,2025-05-16,1032.0,631.0,Produto E,Loja Física,401.0,0.38856589147286824,Bruno,Curitiba
332,1,2025-05-16,668.0,587.0,Produto C,Online,81.0,0.12125748502994012,Ana,São Paulo
333,5,2025-05-17,1390.0,1371.0,Produto D,Online,19.0,0.013669064748201438,Elisa,Belo Horizonte
334,2,2025-05-17,963.0,531.0,Produto E,Online,432.0,0.4485981308411215,Bruno,Curitiba
335,1,2025-05-17,1944.0,456.0,Produto A,Loja Física,1488.0,0.7654320987654321,Ana,São Paulo
336,1,2025-05-17,1579.0,1505.0,Produto E,Loja Física,74.0,0.046865104496516784,Ana,São Paulo
337,1,2025-05-19,1725.0,1515.0,Produto E,Loja Física,210.0,0.12173913043478261,Ana,São Paulo
338,4,2025-05-19,1280.0,290.0,Produto B,Online,990.0,0.7734375,Diego,Rio de Janeiro
339,5,2025-05-19,783.0,504.0,Produto B,Loja Física,279.0,0.3563218390804598,Elisa,Belo Horizonte
340,4,2025-05-19,835.0,274.0,Produto D,Online,561.0,0.6718562874251497,Diego,Rio de Janeiro
341,1,2025-05-19,955.0,293.0,Produto D,Online,662.0,0.6931937172774869,Ana,São Paulo
342,5,2025-05-20,1363.0,616.0,Produto B,Loja Física,747.0,0.5480557593543653,Elisa,Belo Horizonte
343,2,2025-05-21,1688.0,596.0,Produto D,Online,1092.0,0.6469194312796208,Bruno,Curitiba
344,2,2025-05-21,1240.0,1132.0,Produto B,Online,108.0,0.08709677419354839,Bruno,Curitiba
345,2,2025-05-21,545.0,431.0,Produto E,Online,114.0,0.20917431192660552,Bruno,Curitiba
346,1,2025-05-22,1713.0,883.0,Produto C,Loja Física,830.0,0.4845300642148278,Ana,São Paulo
347,2,2025-05-22,901.0,463.0,Produto B,Loja Física,438.0,0.48612652608213097,Bruno,Curitiba
348,1,2025-05-22,806.0,639.0,Produto C,Online,167.0,0.20719602977667495,Ana,São Paulo
349,5,2025-05-23,1179.0,491.0,Produto C,Online,688.0,0.5835453774385072,Elisa,Belo Horizonte
350,5,2025-05-23,1554.0,617.0,Produto C,Loja Física,937.0,0.6029601029601029,Elisa,Belo Horizonte
351,3,2025-05-23,814.0,471.0,Produto B,Loja Física,343.0,0.4213759213759214,Carla,Florianópolis
352,1,2025-05-23,1221.0,220.0,Produto A,Online,1001.0,0.8198198198198198,Ana,São Paulo
353,1,2025-05-23,582.0,461.0,Produto B,Online,121.0,0.20790378006872853,Ana,São Paulo
354,2,2025-05-24,671.0,441.0,Produto D,Online,230.0,0.34277198211624443,Bruno,Curitiba
355,5,2025-05-24,1773.0,1549.0,Produto E,Online,224.0,0.1263395375070502,Elisa,Belo Horizonte
356,4,2025-05-24,913.0,539.0,Produto C,Loja Física,374.0,0.40963855421686746,Diego,Rio de Janeiro
357,5,2025-05-25,1222.0,915.0,Produto D,Loja Física,307.0,0.251227495908347,Elisa,Belo Horizonte
358,1,2025-05-25,1161.0,361.0,Produto E,Online,800.0,0.6890611541774333,Ana,São Paulo
359,2,2025-05-27,1271.0,460.0,Produto A,Loja Física,811.0,0.6380802517702596,Bruno,Curitiba
360,3,2025-05-27,1970.0,1685.0,Produto A,Loja Física,285.0,0.1446700507614213,Carla,Florianópolis
361,1,2025-05-27,648.0,326.0,Produto C,Online,322.0,0.49691358024691357,Ana,São Paulo
362,4,2025-05-27,1638.0,1350.0,Produto A,Loja Física,288.0,0.17582417582417584,Diego,Rio de Janeiro
363,5,2025-05-28,1663.0,430.0,Produto E,Online,1233.0,0.7414311485267588,Elisa,Belo Horizonte
364,4,2025-05-28,1177.0,572.0,Produto D,Online,605.0,0.514018691588785,Diego,Rio de Janeiro
365,3,2025-05-28,1953.0,311.0,Produto E,Loja Física,1642.0,0.840757808499744,Carla,Florianópolis
366,2,2025-05-29,1828.0,796.0,Produto B,Loja Física,1032.0,0.5645514223194749,Bruno,Curitiba
367,1,2025-05-30,1743.0,1715.0,Produto E,Online,28.0,0.01606425702811245,Ana,São Paulo
368,3,2025-05-30,1340.0,1137.0,Produto A,Loja Física,203.0,0.15149253731343285,Carla,Florianópolis
369,2,2025-05-30,1829.0,1369.0,Produto C,Loja Física,460.0,0.25150355385456535,Bruno,Curitiba
370,3,2025-05-30,1941.0,296.0,Produto A,Loja Física,1645.0,0.8475012879958784,Carla,Florianópolis
371,1,2025-05-30,2000.0,1156.0,Produto D,Loja Física,844.0,0.422,Ana,São Paulo
372,2,2025-05-31,1601.0,776.0,Produto D,Loja Física,825.0,0.5153029356652092,Bruno,Curitiba
373,3,2025-06-01,1327.0,1215.0,Produto E,Loja Física,112.0,0.08440090429540316,Carla,Florianópolis
374,2,2025-06-02,1010.0,810.0,Produto D,Online,200.0,0.19801980198019803,Bruno,Curitiba
375,2,2025-06-02,1062.0,867.0,Produto B,Online,195.0,0.18361581920903955,Bruno,Curitiba
376,5,2025-06-02,879.0,407.0,Produto A,Loja Física,472.0,0.5369738339021616,Elisa,Belo Horizonte
377,1,2025-06-02,1225.0,539.0,Produto C,Online,686.0,0.56,Ana,São Paulo
378,2,2025-06-03,1112.0,1073.0,Produto D,Online,39.0,0.03507194244604316,Bruno,Curitiba
379,1,2025-06-03,1894.0,1327.0,Produto D,Online,567.0,0.29936642027455124,Ana,São Paulo
380,1,2025-06-03,1927.0,1620.0,Produto D,Online,307.0,0.1593149974052932,Ana,São Paulo
381,1,2025-06-04,1531.0,792.0,Produto A,Online,739.0,0.48269105160026127,Ana,São Paulo
382,5,2025-06-05,1031.0,362.0,Produto B,Loja Física,669.0,0.6488845780795345,Elisa,Belo Horizonte
383,2,2025-06-05,1884.0,1667.0,Produto A,Loja Física,217.0,0.11518046709129512,Bruno,Curitiba
384,5,2025-06-05,1802.0,1301.0,Produto C,Loja Física,501.0,0.27802441731409544,Elisa,Belo Horizonte
385,4,2025-06-05,683.0,201.0,Produto D,Loja Física,482.0,0.705710102489019,Diego,Rio de Janeiro
386,3,2025-06-06,1732.0,1448.0,Produto C,Online,284.0,0.16397228637413394,Carla,Florianópolis
387,3,2025-06-06,1667.0,1234.0,Produto C,Loja Física,433.0,0.259748050389922,Carla,Florianópolis
388,4,2025-06-07,624.0,360.0,Produto D,Loja Física,264.0,0.4230769230769231,Diego,Rio de Janeiro
389,5,2025-06-07,1666.0,1067.0,Produto C,Online,599.0,0.3595438175270108,Elisa,Belo Horizonte
390,1,2025-06-07,1457.0,790.0,Produto D,Loja Física,667.0,0.45778997940974603,Ana,São Paulo
391,2,2025-06-07,870.0,330.0,Produto A,Loja Física,540.0,0.6206896551724138,Bruno,Curitiba
392,5,2025-06-08,1734.0,477.0,Produto E,Loja Física,1257.0,0.7249134948096886,Elisa,Belo Horizonte
393,4,2025-06-08,1816.0,1345.0,Produto E,Online,471.0,0.2593612334801762,Diego,Rio de Janeiro
394,1,2025-06-08,1688.0,921.0,Produto E,Online,767.0,0.4543838862559242,Ana,São Paulo
395,1,2025-06-08,1139.0,476.0,Produto C,Loja Física,663.0,0.582089552238806,Ana,São Paulo
396,3,2025-06-09,1334.0,731.0,Produto B,Online,603.0,0.452023988005997,Carla,Florianópolis
397,5,2025-06-09,569.0,507.0,Produto A,Online,62.0,0.10896309314586995,Elisa,Belo Horizonte
398,1,2025-06-09,710.0,490.0,Produto D,Loja Física,220.0,0.30985915492957744,Ana,São Paulo
399,4,2025-06-09,1736.0,1628.0,Produto A,Online,108.0,0.06221198156682028,Diego,Rio de Janeiro
400,4,2025-06-10,1854.0,796.0,Produto E,Online,1058.0,0.5706580366774542,Diego,Rio de Janeiro
401,4,2025-06-10,658.0,606.0,Produto C,Loja Física,52.0,0.0790273556231003,Diego,Rio de Janeiro
402,1,2025-06-10,1304.0,1008.0,Produto B,Online,296.0,0.22699386503067484,Ana,São Paulo
403,2,2025-06-10,925.0,493.0,Produto E,Loja Física,432.0,0.46702702702702703,Bruno,Curitiba
404,3,2025-06-11,1122.0,339.0,Produto A,Online,783.0,0.6978609625668449,Carla,Florianópolis
405,2,2025-06-12,908.0,761.0,Produto D,Online,147.0,0.1618942731277533,Bruno,Curitiba
406,4,2025-06-13,1617.0,348.0,Produto E,Loja Física,1269.0,0.7847866419294991,Diego,Rio de Janeiro
407,5,2025-06-13,1096.0,753.0,Produto A,Loja Física,343.0,0.31295620437956206,Elisa,Belo Horizonte
408,2,2025-06-14,1659.0,1501.0,Produto B,Loja Física,158.0,0.09523809523809523,Bruno,Curitiba
409,5,2025-06-14,1763.0,1294.0,Produto A,Loja Física,469.0,0.26602382302892796,Elisa,Belo Horizonte
410,2,2025-06-14,1975.0,640.0,Produto A,Loja Física,1335.0,0.6759493670886076,Bruno,Curitiba
411,1,2025-06-14,1674.0,1166.0,Produto C,Online,508.0,0.3034647550776583,Ana,São Paulo
412,4,2025-06-14,1336.0,302.0,Produto C,Loja Física,1034.0,0.7739520958083832,Diego,Rio de Janeiro
413,5,2025-06-15,942.0,574.0,Produto D,Loja Física,368.0,0.39065817409766457,Elisa,Belo Horizonte
414,2,2025-06-15,884.0,626.0,Produto D,Loja Física,258.0,0.2918552036199095,Bruno,Curitiba
415,4,2025-06-15,1705.0,1610.0,Produto B,Online,95.0,0.05571847507331378,Diego,Rio de Janeiro
416,5,2025-06-15,668.0,228.0,Produto A,Loja Física,440.0,0.6586826347305389,Elisa,Belo Horizonte
417,5,2025-06-16,977.0,660.0,Produto E,Loja Física,317.0,0.32446264073694986,Elisa,Belo Horizonte
418,3,2025-06-16,1188.0,797.0,Produto C,Loja Física,391.0,0.3291245791245791,Carla,Florianópolis
419,1,2025-06-16,816.0,220.0,Produto A,Loja Física,596.0,0.7303921568627451,Ana,São Paulo
420,5,2025-06-17,1585.0,513.0,Produto D,Online,1072.0,0.6763406940063091,Elisa,Belo Horizonte
421,4,2025-06-17,1149.0,775.0,Produto A,Online,374.0,0.32550043516100957,Diego,Rio de Janeiro
422,1,2025-06-18,1583.0,225.0,Produto B,Loja Física,1358.0,0.8578648136449779,Ana,São Paulo
423,3,2025-06-18,929.0,536.0,Produto A,Online,393.0,0.42303552206673845,Carla,Florianópolis
424,4,2025-06-18,551.0,220.0,Produto B,Online,331.0,0.6007259528130672,Diego,Rio de Janeiro
425,3,2025-06-18,679.0,664.0,Produto D,Online,15.0,0.022091310751104567,Carla,Florianópolis
426,5,2025-06-19,1597.0,845.0,Produto D,Loja Física,752.0,0.47088290544771444,Elisa,Belo Horizonte
427,1,2025-06-19,508.0,241.0,Produto D,Loja Física,267.0,0.5255905511811023,Ana,São Paulo
428,4,2025-06-20,933.0,412.0,Produto D,Online,521.0,0.5584137191854234,Diego,Rio de Janeiro
429,2,2025-06-20,1063.0,664.0,Produto B,Loja Física,399.0,0.3753527751646284,Bruno,Curitiba
430,1,2025-06-20,706.0,225.0,Produto E,Online,481.0,0.6813031161473088,Ana,São Paulo
431,4,2025-06-21,982.0,460.0,Produto C,Loja Física,522.0,0.5315682281059063,Diego,Rio de Janeiro
432,3,2025-06-21,1942.0,204.0,Produto B,Loja Física,1738.0,0.8949536560247168,Carla,Florianópolis
433,1,2025-06-21,1669.0,1267.0,Produto E,Online,402.0,0.2408627920910725,Ana,São Paulo
434,2,2025-06-21,678.0,222.0,Produto B,Online,456.0,0.672566371681416,Bruno,Curitiba
435,2,2025-06-22,1564.0,1494.0,Produto B,Online,70.0,0.04475703324808184,Bruno,Curitiba
436,4,2025-06-22,994.0,912.0,Produto A,Online,82.0,0.08249496981891348,Diego,Rio de Janeiro
437,4,2025-06-24,581.0,479.0,Produto D,Online,102.0,0.17555938037865748,Diego,Rio de Janeiro
438,1,2025-06-24,1898.0,602.0,Produto D,Loja Física,1296.0,0.6828240252897787,Ana,São Paulo
439,5,2025-06-24,655.0,640.0,Produto E,Loja Física,15.0,0.022900763358778626,Elisa,Belo Horizonte
440,4,2025-06-24,655.0,543.0,Produto A,Loja Física,112.0,0.17099236641221374,Diego,Rio de Janeiro
441,5,2025-06-25,1083.0,461.0,Produto A,Loja Física,622.0,0.5743305632502308,Elisa,Belo Horizonte
442,5,2025-06-25,1857.0,1676.0,Produto A,Online,181.0,0.09746903607969844,Elisa,Belo Horizonte
443,5,2025-06-25,976.0,946.0,Produto A,Online,30.0,0.030737704918032786,Elisa,Belo Horizonte
444,4,2025-06-25,815.0,593.0,Produto B,Online,222.0,0.2723926380368098,Diego,Rio de Janeiro
445,2,2025-06-26,1795.0,1714.0,Produto E,Loja Física,81.0,0.04512534818941504,Bruno,Curitiba
446,4,2025-06-26,912.0,206.0,Produto A,Loja Física,706.0,0.7741228070175439,Diego,Rio de Janeiro
447,1,2025-06-29,779.0,496.0,Produto C,Online,283.0,0.3632862644415918,Ana,São Paulo
448,4,2025-06-29,1614.0,303.0,Produto B,Online,1311.0,0.8122676579925651,Diego,Rio de Janeiro
449,1,2025-06-29,1941.0,986.0,Produto B,Loja Física,955.0,0.49201442555383823,Ana,São Paulo
450,3,2025-06-29,1783.0,410.0,Produto C,Online,1373.0,0.7700504767246215,Carla,Florianópolis
451,1,2025-06-30,1858.0,959.0,Produto E,Online,899.0,0.4838536060279871,Ana,São Paulo
452,2,2025-06-30,807.0,492.0,Produto D,Online,315.0,0.3903345724907063,Bruno,Curitiba
453,2,2025-06-30,1542.0,1452.0,Produto C,Loja Física,90.0,0.058365758754863814,Bruno,Curitiba
454,5,2025-06-30,1500.0,630.0,Produto A,Online,870.0,0.58,Elisa,Belo Horizonte
455,4,2025-06-30,1885.0,667.0,Produto A,Loja Física,1218.0,0.6461538461538462,Diego,Rio de Janeiro
456,2,2025-07-01,504.0,415.0,Produto B,Loja Física,89.0,0.1765873015873016,Bruno,Curitiba
457,2,2025-07-01,578.0,362.0,Produto C,Loja Física,216.0,0.3737024221453287,Bruno,Curitiba
458,3,2025-07-01,1322.0,822.0,Produto C,Loja Física,500.0,0.37821482602118,Carla,Florianópolis
459,3,2025-07-02,709.0,704.0,Produto B,Online,5.0,0.007052186177715092,Carla,Florianópolis
460,2,2025-07-02,1729.0,405.0,Produto B,Online,1324.0,0.7657605552342395,Bruno,Curitiba
461,5,2025-07-02,515.0,433.0,Produto A,Loja Física,82.0,0.15922330097087378,Elisa,Belo Horizonte
462,3,2025-07-02,1047.0,1031.0,Produto B,Loja Física,16.0,0.015281757402101241,Carla,Florianópolis
463,5,2025-07-02,1339.0,1132.0,Produto E,Loja Física,207.0,0.15459297983569828,Elisa,Belo Horizonte
464,2,2025-07-04,579.0,473.0,Produto C,Loja Física,106.0,0.18307426597582038,Bruno,Curitiba
465,5,2025-07-04,600.0,521.0,Produto C,Loja Física,79.0,0.13166666666666665,Elisa,Belo Horizonte
466,4,2025-07-04,1674.0,1248.0,Produto E,Loja Física,426.0,0.25448028673835127,Diego,Rio de Janeiro
467,3,2025-07-04,769.0,430.0,Produto B,Loja Física,339.0,0.4408322496749025,Carla,Florianópolis
468,1,2025-07-08,577.0,566.0,Produto E,Online,11.0,0.019064124783362217,Ana,São Paulo
469,2,2025-07-08,1433.0,849.0,Produto E,Loja Física,584.0,0.40753663642707605,Bruno,Curitiba
470,4,2025-07-08,1089.0,442.0,Produto D,Loja Física,647.0,0.5941230486685032,Diego,Rio de Janeiro
471,5,2025-07-09,625.0,611.0,Produto E,Loja Física,14.0,0.0224,Elisa,Belo Horizonte
472,3,2025-07-09,1898.0,208.0,Produto D,Online,1690.0,0.8904109589041096,Carla,Florianópolis
473,1,2025-07-09,1774.0,312.0,Produto B,Online,1462.0,0.8241262683201804,Ana,São Paulo
474,1,2025-07-09,1431.0,786.0,Produto D,Loja Física,645.0,0.45073375262054505,Ana,São Paulo
475,3,2025-07-09,1352.0,717.0,Produto A,Online,635.0,0.46967455621301774,Carla,Florianópolis
476,2,2025-07-10,705.0,488.0,Produto E,Online,217.0,0.3078014184397163,Bruno,Curitiba
477,5,2025-07-11,1863.0,618.0,Produto A,Online,1245.0,0.6682769726247987,Elisa,Belo Horizonte
478,2,2025-07-11,679.0,397.0,Produto A,Loja Física,282.0,0.41531664212076586,Bruno,Curitiba
479,3,2025-07-11,1610.0,267.0,Produto E,Loja Física,1343.0,0.8341614906832299,Carla,Florianópolis
480,3,2025-07-11,1535.0,295.0,Produto A,Loja Física,1240.0,0.8078175895765473,Carla,Florianópolis
481,2,2025-07-12,1217.0,1117.0,Produto B,Online,100.0,0.08216926869350863,Bruno,Curitiba
482,2,2025-07-12,790.0,658.0,Produto A,Online,132.0,0.1670886075949367,Bruno,Curitiba
483,3,2025-07-12,1568.0,1177.0,Produto D,Loja Física,391.0,0.2493622448979592,Carla,Florianópolis
484,1,2025-07-13,1014.0,476.0,Produto A,Online,538.0,0.5305719921104537,Ana,São Paulo
485,4,2025-07-13,1724.0,638.0,Produto C,Loja Física,1086.0,0.6299303944315545,Diego,Rio de Janeiro
486,5,2025-07-13,1971.0,991.0,Produto C,Online,980.0,0.4972095383054287,Elisa,Belo Horizonte
487,3,2025-07-16,892.0,601.0,Produto D,Loja Física,291.0,0.32623318385650224,Carla,Florianópolis
488,4,2025-07-16,1006.0,695.0,Produto D,Loja Física,311.0,0.3091451292246521,Diego,Rio de Janeiro
489,2,2025-07-16,911.0,454.0,Produto D,Loja Física,457.0,0.5016465422612514,Bruno,Curitiba
490,5,2025-07-16,1247.0,784.0,Produto C,Online,463.0,0.37129109863672816,Elisa,Belo Horizonte
491,3,2025-07-16,523.0,324.0,Produto B,Loja Física,199.0,0.38049713193116635,Carla,Florianópolis
492,1,2025-07-17,1534.0,233.0,Produto B,Online,1301.0,0.848109517601043,Ana,São Paulo
493,1,2025-07-17,1953.0,455.0,Produto A,Loja Física,1498.0,0.7670250896057348,Ana,São Paulo
494,1,2025-07-17,1197.0,784.0,Produto D,Online,413.0,0.34502923976608185,Ana,São Paulo
495,3,2025-07-19,1708.0,1047.0,Produto B,Loja Física,661.0,0.3870023419203747,Carla,Florianópolis
496,2,2025-07-19,947.0,459.0,Produto D,Loja Física,488.0,0.515311510031679,Bruno,Curitiba
497,3,2025-07-19,1675.0,1190.0,Produto E,Loja Física,485.0,0.28955223880597014,Carla,Florianópolis
498,1,2025-07-19,1714.0,716.0,Produto D,Online,998.0,0.5822637106184364,Ana,São Paulo
499,1,2025-07-20,1633.0,328.0,Produto A,Loja Física,1305.0,0.7991426821800367,Ana,São Paulo
500,1,2025-07-20,1186.0,1056.0,Produto B,Loja Física,130.0,0.10961214165261383,Ana,São Paulo
501,4,2025-07-20,1443.0,895.0,Produto D,Loja Física,548.0,0.37976437976437977,Diego,Rio de Janeiro
502,4,2025-07-20,1990.0,206.0,Produto C,Loja Física,1784.0,0.8964824120603015,Diego,Rio de Janeiro
503,5,2025-07-20,795.0,422.0,Produto C,Loja Física,373.0,0.4691823899371069,Elisa,Belo Horizonte
504,2,2025-07-21,1489.0,767.0,Produto E,Loja Física,722.0,0.48488918737407655,Bruno,Curitiba
505,3,2025-07-21,1206.0,1174.0,Produto A,Loja Física,32.0,0.026533996683250415,Carla,Florianópolis
506,2,2025-07-22,829.0,382.0,Produto D,Online,447.0,0.5392038600723763,Bruno,Curitiba
507,3,2025-07-22,1758.0,327.0,Produto E,Online,1431.0,0.8139931740614335,Carla,Florianópolis
508,5,2025-07-22,1467.0,1376.0,Produto D,Loja Física,91.0,0.06203135650988412,Elisa,Belo Horizonte
509,5,2025-07-22,1519.0,915.0,Produto D,Loja Física,604.0,0.3976300197498354,Elisa,Belo Horizonte
510,1,2025-07-23,885.0,525.0,Produto A,Loja Física,360.0,0.4067796610169492,Ana,São Paulo
511,4,2025-07-23,1202.0,1112.0,Produto A,Loja Física,90.0,0.07487520798668885,Diego,Rio de Janeiro
512,5,2025-07-23,1693.0,648.0,Produto A,Online,1045.0,0.6172474896633195,Elisa,Belo Horizonte
513,5,2025-07-23,1957.0,506.0,Produto D,Online,1451.0,0.7414409810935104,Elisa,Belo Horizonte
514,3,2025-07-23,826.0,299.0,Produto A,Loja Física,527.0,0.6380145278450363,Carla,Florianópolis
515,2,2025-07-25,1876.0,1387.0,Produto D,Loja Física,489.0,0.26066098081023453,Bruno,Curitiba
516,3,2025-07-26,1708.0,539.0,Produto A,Loja Física,1169.0,0.6844262295081968,Carla,Florianópolis
517,5,2025-07-26,871.0,810.0,Produto B,Online,61.0,0.07003444316877153,Elisa,Belo Horizonte
518,3,2025-07-26,702.0,244.0,Produto E,Online,458.0,0.6524216524216524,Carla,Florianópolis
519,1,2025-07-26,981.0,911.0,Produto C,Loja Física,70.0,0.07135575942915393,Ana,São Paulo
520,1,2025-07-26,1546.0,1008.0,Produto B,Online,538.0,0.34799482535575677,Ana,São Paulo
521,5,2025-07-27,1303.0,732.0,Produto C,Online,571.0,0.4382194934765925,Elisa,Belo Horizonte
522,2,2025-07-27,1242.0,507.0,Produto B,Loja Física,735.0,0.5917874396135265,Bruno,Curitiba
523,4,2025-07-27,1136.0,356.0,Produto A,Loja Física,780.0,0.6866197183098591,Diego,Rio de Janeiro
524,5,2025-07-27,1150.0,760.0,Produto B,Online,390.0,0.3391304347826087,Elisa,Belo Horizonte
525,1,2025-07-28,1252.0,1003.0,Produto C,Online,249.0,0.1988817891373802,Ana,São Paulo
526,4,2025-07-28,1848.0,725.0,Produto A,Online,1123.0,0.6076839826839827,Diego,Rio de Janeiro
527,2,2025-07-28,1815.0,1357.0,Produto B,Online,458.0,0.25234159779614324,Bruno,Curitiba
528,2,2025-07-28,542.0,388.0,Produto A,Loja Física,154.0,0.28413284132841327,Bruno,Curitiba
529,2,2025-07-28,1268.0,1098.0,Produto E,Loja Física,170.0,0.13406940063091483,Bruno,Curitiba
530,4,2025-07-29,1933.0,1205.0,Produto C,Loja Física,728.0,0.3766166580444904,Diego,Rio de Janeiro
531,3,2025-07-29,1621.0,912.0,Produto E,Online,709.0,0.43738433066008636,Carla,Florianópolis
532,2,2025-07-29,1686.0,654.0,Produto A,Loja Física,1032.0,0.6120996441281139,Bruno,Curitiba
533,2,2025-07-29,1744.0,706.0,Produto B,Online,1038.0,0.5951834862385321,Bruno,Curitiba
534,2,2025-07-30,1826.0,342.0,Produto A,Loja Física,1484.0,0.8127053669222344,Bruno,Curitiba
535,2,2025-07-30,1786.0,818.0,Produto B,Online,968.0,0.541993281075028,Bruno,Curitiba
536,5,2025-07-30,725.0,615.0,Produto C,Loja Física,110.0,0.15172413793103448,Elisa,Belo Horizonte
537,5,2025-07-30,1342.0,1298.0,Produto E,Online,44.0,0.03278688524590164,Elisa,Belo Horizonte
538,3,2025-07-30,1303.0,532.0,Produto C,Loja Física,771.0,0.5917114351496546,Carla,Florianópolis
539,5,2025-07-31,1913.0,1458.0,Produto A,Online,455.0,0.23784631468897022,Elisa,Belo Horizonte
540,1,2025-07-31,1121.0,794.0,Produto B,Loja Física,327.0,0.29170383586083853,Ana,São Paulo
541,5,2025-07-31,587.0,532.0,Produto C,Online,55.0,0.09369676320272573,Elisa,Belo Horizonte
542,5,2025-07-31,952.0,637.0,Produto C,Online,315.0,0.33088235294117646,Elisa,Belo Horizonte
543,5,2025-07-31,1777.0,1221.0,Produto D,Online,556.0,0.3128868880135059,Elisa,Belo Horizonte
544,4,2025-08-01,530.0,323.0,Produto C,Online,207.0,0.3905660377358491,Diego,Rio de Janeiro
545,4,2025-08-01,867.0,519.0,Produto B,Loja Física,348.0,0.4013840830449827,Diego,Rio de Janeiro
546,4,2025-08-01,1522.0,1252.0,Produto C,Loja Física,270.0,0.1773981603153745,Diego,Rio de Janeiro
547,2,2025-08-01,1428.0,1005.0,Produto A,Online,423.0,0.296218487394958,Bruno,Curitiba
548,2,2025-08-02,1242.0,1054.0,Produto C,Loja Física,188.0,0.15136876006441224,Bruno,Curitiba
549,4,2025-08-02,1079.0,754.0,Produto B,Loja Física,325.0,0.30120481927710846,Diego,Rio de Janeiro
550,4,2025-08-02,1171.0,496.0,Produto A,Online,675.0,0.5764304013663536,Diego,Rio de Janeiro
551,1,2025-08-02,1938.0,961.0,Produto E,Loja Física,977.0,0.5041279669762642,Ana,São Paulo
552,5,2025-08-02,1516.0,405.0,Produto B,Loja Física,1111.0,0.7328496042216359,Elisa,Belo Horizonte
553,2,2025-08-03,881.0,785.0,Produto B,Loja Física,96.0,0.10896708286038592,Bruno,Curitiba
554,1,2025-08-03,1862.0,1603.0,Produto A,Loja Física,259.0,0.13909774436090225,Ana,São Paulo
555,2,2025-08-03,1979.0,1126.0,Produto A,Loja Física,853.0,0.43102577059120767,Bruno,Curitiba
556,5,2025-08-04,1487.0,1471.0,Produto A,Loja Física,16.0,0.010759919300605245,Elisa,Belo Horizonte
557,1,2025-08-04,817.0,609.0,Produto E,Online,208.0,0.25458996328029376,Ana,São Paulo
558,5,2025-08-05,697.0,569.0,Produto B,Online,128.0,0.1836441893830703,Elisa,Belo Horizonte
559,5,2025-08-06,501.0,343.0,Produto A,Loja Física,158.0,0.3153692614770459,Elisa,Belo Horizonte
560,3,2025-08-07,1251.0,605.0,Produto D,Online,646.0,0.5163868904876099,Carla,Florianópolis
561,5,2025-08-07,1883.0,1137.0,Produto B,Loja Física,746.0,0.3961763143919278,Elisa,Belo Horizonte
562,4,2025-08-07,1039.0,963.0,Produto E,Online,76.0,0.07314725697786333,Diego,Rio de Janeiro
563,2,2025-08-07,875.0,412.0,Produto E,Online,463.0,0.5291428571428571,Bruno,Curitiba
564,3,2025-08-08,851.0,265.0,Produto B,Online,586.0,0.6886016451233843,Carla,Florianópolis
565,3,2025-08-08,521.0,244.0,Produto D,Online,277.0,0.5316698656429942,Carla,Florianópolis
566,1,2025-08-08,1205.0,612.0,Produto B,Online,593.0,0.4921161825726141,Ana,São Paulo
567,2,2025-08-08,571.0,470.0,Produto A,Loja Física,101.0,0.17688266199649738,Bruno,Curitiba
568,2,2025-08-09,829.0,540.0,Produto E,Loja Física,289.0,0.3486127864897467,Bruno,Curitiba
569,1,2025-08-09,1292.0,956.0,Produto E,Loja Física,336.0,0.26006191950464397,Ana,São Paulo
570,1,2025-08-09,1104.0,223.0,Produto D,Loja Física,881.0,0.7980072463768116,Ana,São Paulo
571,2,2025-08-09,1289.0,494.0,Produto C,Loja Física,795.0,0.6167571761055082,Bruno,Curitiba
572,1,2025-08-09,1055.0,1031.0,Produto B,Loja Física,24.0,0.022748815165876776,Ana,São Paulo
573,1,2025-08-10,525.0,392.0,Produto D,Loja Física,133.0,0.25333333333333335,Ana,São Paulo
574,2,2025-08-10,1260.0,574.0,Produto C,Online,686.0,0.5444444444444444,Bruno,Curitiba
575,1,2025-08-10,925.0,683.0,Produto E,Loja Física,242.0,0.2616216216216216,Ana,São Paulo
576,5,2025-08-10,1703.0,741.0,Produto C,Loja Física,962.0,0.5648854961832062,Elisa,Belo Horizonte
577,4,2025-08-11,1506.0,933.0,Produto B,Online,573.0,0.3804780876494024,Diego,Rio de Janeiro
578,3,2025-08-11,638.0,348.0,Produto D,Online,290.0,0.45454545454545453,Carla,Florianópolis
579,1,2025-08-11,1662.0,1559.0,Produto B,Loja Física,103.0,0.06197352587244284,Ana,São Paulo
580,1,2025-08-11,538.0,284.0,Produto A,Online,254.0,0.4721189591078067,Ana,São Paulo
581,5,2025-08-12,1846.0,1762.0,Produto A,Online,84.0,0.04550379198266522,Elisa,Belo Horizonte
582,5,2025-08-13,1296.0,453.0,Produto C,Loja Física,843.0,0.6504629629629629,Elisa,Belo Horizonte
583,4,2025-08-13,1535.0,1330.0,Produto C,Loja Física,205.0,0.13355048859934854,Diego,Rio de Janeiro
584,1,2025-08-15,1866.0,1352.0,Produto D,Online,514.0,0.2754555198285102,Ana,São Paulo
585,4,2025-08-15,1045.0,852.0,Produto C,Loja Física,193.0,0.184688995215311,Diego,Rio de Janeiro
586,5,2025-08-15,1109.0,407.0,Produto D,Online,702.0,0.6330027051397655,Elisa,Belo Horizonte
587,4,2025-08-15,960.0,280.0,Produto B,Loja Física,680.0,0.7083333333333334,Diego,Rio de Janeiro
588,2,2025-08-15,747.0,484.0,Produto B,Loja Física,263.0,0.35207496653279785,Bruno,Curitiba
589,2,2025-08-16,1890.0,266.0,Produto C,Loja Física,1624.0,0.8592592592592593,Bruno,Curitiba
590,4,2025-08-16,948.0,238.0,Produto D,Online,710.0,0.7489451476793249,Diego,Rio de Janeiro
591,3,2025-08-16,928.0,208.0,Produto B,Online,720.0,0.7758620689655172,Carla,Florianópolis
592,4,2025-08-17,941.0,813.0,Produto B,Online,128.0,0.13602550478214664,Diego,Rio de Janeiro
593,2,2025-08-17,1889.0,1850.0,Produto D,Loja Física,39.0,0.020645844362096346,Bruno,Curitiba
594,3,2025-08-18,1731.0,542.0,Produto A,Loja Física,1189.0,0.6868861929520509,Carla,Florianópolis
595,3,2025-08-18,1659.0,1521.0,Produto D,Online,138.0,0.08318264014466546,Carla,Florianópolis
596,3,2025-08-18,1088.0,778.0,Produto A,Online,310.0,0.2849264705882353,Carla,Florianópolis
597,1,2025-08-18,1002.0,995.0,Produto B,Loja Física,7.0,0.006986027944111776,Ana,São Paulo
598,5,2025-08-18,1093.0,539.0,Produto B,Online,554.0,0.5068618481244281,Elisa,Belo Horizonte
599,4,2025-08-19,1652.0,1640.0,Produto C,Online,12.0,0.007263922518159807,Diego,Rio de Janeiro
600,4,2025-08-19,1882.0,1061.0,Produto E,Loja Física,821.0,0.43623804463336874,Diego,Rio de Janeiro
601,4,2025-08-19,1620.0,913.0,Produto A,Loja Física,707.0,0.4364197530864197,Diego,Rio de Janeiro
602,4,2025-08-20,1225.0,857.0,Produto D,Online,368.0,0.3004081632653061,Diego,Rio de Janeiro
603,4,2025-08-20,1336.0,333.0,Produto C,Loja Física,1003.0,0.750748502994012,Diego,Rio de Janeiro
604,5,2025-08-20,1087.0,1009.0,Produto B,Online,78.0,0.07175712971481141,Elisa,Belo Horizonte
605,5,2025-08-21,596.0,251.0,Produto D,Loja Física,345.0,0.5788590604026845,Elisa,Belo Horizonte
606,3,2025-08-21,973.0,613.0,Produto E,Online,360.0,0.3699897225077081,Carla,Florianópolis
607,5,2025-08-21,1858.0,1210.0,Produto A,Online,648.0,0.348762109795479,Elisa,Belo Horizonte
608,5,2025-08-21,711.0,245.0,Produto E,Online,466.0,0.6554149085794655,Elisa,Belo Horizonte
609,1,2025-08-21,1294.0,882.0,Produto B,Online,412.0,0.31839258114374036,Ana,São Paulo
610,1,2025-08-22,774.0,436.0,Produto D,Loja Física,338.0,0.43669250645994834,Ana,São Paulo
611,1,2025-08-22,1671.0,419.0,Produto E,Loja Física,1252.0,0.7492519449431478,Ana,São Paulo
612,4,2025-08-22,511.0,289.0,Produto A,Online,222.0,0.4344422700587084,Diego,Rio de Janeiro
613,5,2025-08-22,1159.0,251.0,Produto B,Online,908.0,0.7834339948231234,Elisa,Belo Horizonte
614,1,2025-08-22,539.0,259.0,Produto E,Loja Física,280.0,0.5194805194805194,Ana,São Paulo
615,5,2025-08-23,1905.0,1436.0,Produto A,Loja Física,469.0,0.2461942257217848,Elisa,Belo Horizonte
616,1,2025-08-23,881.0,785.0,Produto C,Online,96.0,0.10896708286038592,Ana,São Paulo
617,4,2025-08-23,1921.0,1157.0,Produto C,Online,764.0,0.39770952628839146,Diego,Rio de Janeiro
618,2,2025-08-23,1975.0,780.0,Produto D,Online,1195.0,0.6050632911392405,Bruno,Curitiba
619,5,2025-08-23,1891.0,1329.0,Produto E,Online,562.0,0.29719725013220516,Elisa,Belo Horizonte
620,2,2025-08-24,661.0,549.0,Produto A,Loja Física,112.0,0.16944024205748864,Bruno,Curitiba
621,5,2025-08-24,508.0,496.0,Produto D,Loja Física,12.0,0.023622047244094488,Elisa,Belo Horizonte
622,4,2025-08-24,1959.0,1884.0,Produto B,Online,75.0,0.03828483920367534,Diego,Rio de Janeiro
623,2,2025-08-24,1183.0,262.0,Produto C,Loja Física,921.0,0.7785291631445478,Bruno,Curitiba
624,4,2025-08-29,1065.0,864.0,Produto C,Loja Física,201.0,0.18873239436619718,Diego,Rio de Janeiro
625,3,2025-08-29,1597.0,346.0,Produto B,Loja Física,1251.0,0.7833437695679399,Carla,Florianópolis
626,5,2025-08-29,1526.0,820.0,Produto A,Loja Física,706.0,0.46264744429882043,Elisa,Belo Horizonte
627,2,2025-09-01,1885.0,1254.0,Produto A,Online,631.0,0.3347480106100796,Bruno,Curitiba
628,3,2025-09-01,1788.0,577.0,Produto C,Online,1211.0,0.6772930648769575,Carla,Florianópolis
629,1,2025-09-01,1694.0,1637.0,Produto D,Loja Física,57.0,0.03364817001180637,Ana,São Paulo
630,1,2025-09-01,1278.0,598.0,Produto D,Loja Física,680.0,0.5320813771517997,Ana,São Paulo
631,1,2025-09-01,1067.0,217.0,Produto C,Online,850.0,0.7966260543580131,Ana,São Paulo
632,1,2025-09-02,1103.0,242.0,Produto A,Loja Física,861.0,0.7805983680870353,Ana,São Paulo
633,4,2025-09-02,963.0,578.0,Produto A,Loja Física,385.0,0.39979231568016615,Diego,Rio de Janeiro
634,1,2025-09-02,943.0,879.0,Produto B,Loja Física,64.0,0.06786850477200425,Ana,São Paulo
635,3,2025-09-03,1758.0,1555.0,Produto B,Loja Física,203.0,0.11547212741751992,Carla,Florianópolis
636,4,2025-09-03,622.0,530.0,Produto B,Online,92.0,0.14790996784565916,Diego,Rio de Janeiro
637,4,2025-09-05,1433.0,938.0,Produto A,Online,495.0,0.34542916957431963,Diego,Rio de Janeiro
638,5,2025-09-05,1798.0,527.0,Produto B,Online,1271.0,0.7068965517241379,Elisa,Belo Horizonte
639,1,2025-09-05,1478.0,355.0,Produto C,Loja Física,1123.0,0.7598105548037889,Ana,São Paulo
640,5,2025-09-05,681.0,555.0,Produto B,Online,126.0,0.18502202643171806,Elisa,Belo Horizonte
641,3,2025-09-06,1524.0,673.0,Produto E,Online,851.0,0.5583989501312336,Carla,Florianópolis
642,1,2025-09-06,1956.0,213.0,Produto B,Online,1743.0,0.8911042944785276,Ana,São Paulo
643,3,2025-09-06,1944.0,1743.0,Produto C,Online,201.0,0.10339506172839506,Carla,Florianópolis
644,4,2025-09-06,1575.0,752.0,Produto C,Online,823.0,0.5225396825396825,Diego,Rio de Janeiro
645,4,2025-09-08,1381.0,1367.0,Produto A,Loja Física,14.0,0.010137581462708182,Diego,Rio de Janeiro
646,5,2025-09-08,1123.0,740.0,Produto A,Loja Física,383.0,0.3410507569011576,Elisa,Belo Horizonte
647,3,2025-09-08,1274.0,1148.0,Produto A,Online,126.0,0.0989010989010989,Carla,Florianópolis
648,4,2025-09-08,518.0,357.0,Produto C,Online,161.0,0.3108108108108108,Diego,Rio de Janeiro
649,5,2025-09-08,1065.0,634.0,Produto B,Loja Física,431.0,0.40469483568075115,Elisa,Belo Horizonte
650,3,2025-09-09,1191.0,458.0,Produto C,Loja Física,733.0,0.6154492023509656,Carla,Florianópolis
651,5,2025-09-09,733.0,200.0,Produto B,Online,533.0,0.7271487039563438,Elisa,Belo Horizonte
652,2,2025-09-09,1792.0,1681.0,Produto D,Online,111.0,0.06194196428571429,Bruno,Curitiba
653,1,2025-09-09,1779.0,1146.0,Produto C,Loja Física,633.0,0.35581787521079256,Ana,São Paulo
654,2,2025-09-10,988.0,735.0,Produto D,Loja Física,253.0,0.2560728744939271,Bruno,Curitiba
655,2,2025-09-10,1869.0,1650.0,Produto B,Online,219.0,0.11717495987158909,Bruno,Curitiba
656,2,2025-09-10,1434.0,1327.0,Produto B,Loja Física,107.0,0.07461645746164575,Bruno,Curitiba
657,5,2025-09-10,1844.0,1132.0,Produto B,Online,712.0,0.38611713665943603,Elisa,Belo Horizonte
658,4,2025-09-11,785.0,360.0,Produto B,Loja Física,425.0,0.5414012738853503,Diego,Rio de Janeiro
659,2,2025-09-12,1427.0,427.0,Produto D,Online,1000.0,0.700770847932726,Bruno,Curitiba
660,5,2025-09-12,1004.0,954.0,Produto E,Loja Física,50.0,0.049800796812749,Elisa,Belo Horizonte
661,3,2025-09-13,1752.0,1645.0,Produto C,Online,107.0,0.06107305936073059,Carla,Florianópolis
662,3,2025-09-13,1273.0,455.0,Produto D,Online,818.0,0.6425765907305577,Carla,Florianópolis
663,3,2025-09-13,1703.0,849.0,Produto D,Online,854.0,0.5014679976512038,Carla,Florianópolis
664,2,2025-09-14,558.0,204.0,Produto E,Online,354.0,0.6344086021505376,Bruno,Curitiba
665,3,2025-09-15,711.0,487.0,Produto E,Loja Física,224.0,0.3150492264416315,Carla,Florianópolis
666,4,2025-09-15,1465.0,491.0,Produto C,Loja Física,974.0,0.6648464163822526,Diego,Rio de Janeiro
667,3,2025-09-15,1738.0,727.0,Produto D,Loja Física,1011.0,0.5817031070195627,Carla,Florianópolis
668,4,2025-09-16,895.0,259.0,Produto B,Loja Física,636.0,0.7106145251396648,Diego,Rio de Janeiro
669,3,2025-09-18,922.0,243.0,Produto A,Loja Física,679.0,0.7364425162689805,Carla,Florianópolis
670,1,2025-09-18,1642.0,1379.0,Produto E,Loja Física,263.0,0.16017052375152252,Ana,São Paulo
671,3,2025-09-18,1755.0,594.0,Produto A,Online,1161.0,0.6615384615384615,Carla,Florianópolis
672,3,2025-09-18,616.0,292.0,Produto B,Loja Física,324.0,0.525974025974026,Carla,Florianópolis
673,2,2025-09-19,598.0,507.0,Produto D,Loja Física,91.0,0.15217391304347827,Bruno,Curitiba
674,4,2025-09-19,1376.0,289.0,Produto A,Online,1087.0,0.7899709302325582,Diego,Rio de Janeiro
675,3,2025-09-19,1761.0,258.0,Produto C,Loja Física,1503.0,0.8534923339011925,Carla,Florianópolis
676,4,2025-09-19,644.0,510.0,Produto D,Loja Física,134.0,0.2080745341614907,Diego,Rio de Janeiro
677,3,2025-09-20,1158.0,257.0,Produto C,Online,901.0,0.7780656303972366,Carla,Florianópolis
678,3,2025-09-20,1930.0,1158.0,Produto A,Online,772.0,0.4,Carla,Florianópolis
679,3,2025-09-20,1708.0,1630.0,Produto C,Online,78.0,0.04566744730679157,Carla,Florianópolis
680,2,2025-09-20,726.0,709.0,Produto E,Loja Física,17.0,0.023415977961432508,Bruno,Curitiba
681,4,2025-09-21,518.0,489.0,Produto D,Online,29.0,0.055984555984555984,Diego,Rio de Janeiro
682,3,2025-09-22,1500.0,210.0,Produto E,Loja Física,1290.0,0.86,Carla,Florianópolis
683,2,2025-09-22,537.0,404.0,Produto D,Loja Física,133.0,0.24767225325884543,Bruno,Curitiba
684,3,2025-09-22,1042.0,1013.0,Produto B,Loja Física,29.0,0.02783109404990403,Carla,Florianópolis
685,1,2025-09-23,754.0,211.0,Produto C,Loja Física,543.0,0.7201591511936339,Ana,São Paulo
686,5,2025-09-23,943.0,917.0,Produto D,Online,26.0,0.027571580063626724,Elisa,Belo Horizonte
687,4,2025-09-23,1403.0,405.0,Produto A,Online,998.0,0.7113328581610834,Diego,Rio de Janeiro
688,1,2025-09-24,1776.0,780.0,Produto C,Loja Física,996.0,0.5608108108108109,Ana,São Paulo
689,4,2025-09-25,1208.0,443.0,Produto E,Online,765.0,0.6332781456953642,Diego,Rio de Janeiro
690,5,2025-09-25,982.0,733.0,Produto D,Online,249.0,0.2535641547861507,Elisa,Belo Horizonte
691,4,2025-09-25,1102.0,982.0,Produto B,Online,120.0,0.1088929219600726,Diego,Rio de Janeiro
692,2,2025-09-26,571.0,443.0,Produto E,Loja Física,128.0,0.22416812609457093,Bruno,Curitiba
693,2,2025-09-27,1366.0,1322.0,Produto D,Loja Física,44.0,0.032210834553440704,Bruno,Curitiba
694,4,2025-09-27,637.0,324.0,Produto C,Online,313.0,0.4913657770800628,Diego,Rio de Janeiro
695,2,2025-09-27,1700.0,858.0,Produto A,Online,842.0,0.49529411764705883,Bruno,Curitiba
696,1,2025-09-27,503.0,399.0,Produto C,Online,104.0,0.20675944333996024,Ana,São Paulo
697,3,2025-09-27,1873.0,1640.0,Produto E,Online,233.0,0.12439935931660438,Carla,Florianópolis
698,5,2025-09-28,741.0,375.0,Produto C,Loja Física,366.0,0.4939271255060729,Elisa,Belo Horizonte
699,3,2025-09-29,1059.0,649.0,Produto D,Loja Física,410.0,0.3871576959395656,Carla,Florianópolis
700,3,2025-09-29,854.0,665.0,Produto C,Loja Física,189.0,0.22131147540983606,Carla,Florianópolis
701,2,2025-09-29,823.0,203.0,Produto B,Loja Física,620.0,0.7533414337788579,Bruno,Curitiba
702,5,2025-09-30,830.0,477.0,Produto C,Online,353.0,0.42530120481927713,Elisa,Belo Horizonte
703,5,2025-09-30,1405.0,844.0,Produto B,Online,561.0,0.399288256227758,Elisa,Belo Horizonte
704,2,2025-09-30,649.0,378.0,Produto A,Online,271.0,0.41756548536209553,Bruno,Curitiba
705,3,2025-09-30,1277.0,1206.0,Produto E,Loja Física,71.0,0.05559906029757244,Carla,Florianópolis
706,5,2025-10-01,551.0,486.0,Produto B,Online,65.0,0.11796733212341198,Elisa,Belo Horizonte
707,2,2025-10-01,1044.0,530.0,Produto A,Loja Física,514.0,0.49233716475095785,Bruno,Curitiba
708,3,2025-10-02,698.0,226.0,Produto A,Online,472.0,0.6762177650429799,Carla,Florianópolis
709,3,2025-10-02,723.0,504.0,Produto C,Online,219.0,0.3029045643153527,Carla,Florianópolis
710,4,2025-10-03,676.0,422.0,Produto B,Online,254.0,0.3757396449704142,Diego,Rio de Janeiro
711,2,2025-10-03,1461.0,253.0,Produto E,Loja Física,1208.0,0.8268309377138946,Bruno,Curitiba
712,3,2025-10-04,1571.0,1510.0,Produto E,Online,61.0,0.03882877148313176,Carla,Florianópolis
713,1,2025-10-04,886.0,648.0,Produto B,Loja Física,238.0,0.2686230248306998,Ana,São Paulo
714,2,2025-10-05,1085.0,364.0,Produto A,Online,721.0,0.6645161290322581,Bruno,Curitiba
715,1,2025-10-05,1706.0,259.0,Produto B,Loja Física,1447.0,0.8481828839390387,Ana,São Paulo
716,4,2025-10-05,725.0,569.0,Produto E,Online,156.0,0.21517241379310345,Diego,Rio de Janeiro
717,3,2025-10-06,1153.0,1082.0,Produto E,Online,71.0,0.06157849089332177,Carla,Florianópolis
718,3,2025-10-06,1092.0,946.0,Produto B,Online,146.0,0.1336996336996337,Carla,Florianópolis
719,3,2025-10-06,1239.0,767.0,Produto A,Online,472.0,0.38095238095238093,Carla,Florianópolis
720,2,2025-10-06,1981.0,644.0,Produto B,Online,1337.0,0.6749116607773852,Bruno,Curitiba
721,4,2025-10-08,1395.0,1271.0,Produto C,Online,124.0,0.08888888888888889,Diego,Rio de Janeiro
722,5,2025-10-08,1489.0,369.0,Produto D,Loja Física,1120.0,0.7521826729348556,Elisa,Belo Horizonte
723,1,2025-10-08,1032.0,1004.0,Produto C,Loja Física,28.0,0.027131782945736434,Ana,São Paulo
724,3,2025-10-08,1210.0,655.0,Produto D,Online,555.0,0.45867768595041325,Carla,Florianópolis
725,1,2025-10-08,732.0,231.0,Produto E,Loja Física,501.0,0.6844262295081968,Ana,São Paulo
726,5,2025-10-10,1307.0,1031.0,Produto B,Online,276.0,0.2111706197398623,Elisa,Belo Horizonte
727,4,2025-10-10,561.0,289.0,Produto B,Online,272.0,0.48484848484848486,Diego,Rio de Janeiro
728,4,2025-10-10,1410.0,1119.0,Produto C,Loja Física,291.0,0.20638297872340425,Diego,Rio de Janeiro
729,3,2025-10-10,1232.0,1069.0,Produto A,Loja Física,163.0,0.13230519480519481,Carla,Florianópolis
730,1,2025-10-10,1151.0,650.0,Produto E,Loja Física,501.0,0.43527367506516074,Ana,São Paulo
731,2,2025-10-11,1327.0,351.0,Produto C,Loja Física,976.0,0.7354935945742276,Bruno,Curitiba
732,5,2025-10-11,601.0,361.0,Produto A,Loja Física,240.0,0.39933444259567386,Elisa,Belo Horizonte
733,1,2025-10-13,1696.0,883.0,Produto C,Loja Física,813.0,0.4793632075471698,Ana,São Paulo
734,4,2025-10-13,1343.0,718.0,Produto B,Online,625.0,0.4653760238272524,Diego,Rio de Janeiro
735,5,2025-10-13,1541.0,782.0,Produto B,Online,759.0,0.4925373134328358,Elisa,Belo Horizonte
736,4,2025-10-13,1093.0,488.0,Produto C,Online,605.0,0.5535224153705398,Diego,Rio de Janeiro
737,1,2025-10-13,1833.0,1762.0,Produto A,Loja Física,71.0,0.03873431533006001,Ana,São Paulo
738,2,2025-10-16,1824.0,972.0,Produto E,Online,852.0,0.46710526315789475,Bruno,Curitiba
739,4,2025-10-16,816.0,698.0,Produto B,Online,118.0,0.14460784313725492,Diego,Rio de Janeiro
740,3,2025-10-16,699.0,461.0,Produto C,Online,238.0,0.34048640915593703,Carla,Florianópolis
741,5,2025-10-17,1971.0,1125.0,Produto A,Loja Física,846.0,0.4292237442922374,Elisa,Belo Horizonte
742,1,2025-10-17,1847.0,282.0,Produto C,Loja Física,1565.0,0.8473199783432593,Ana,São Paulo
743,5,2025-10-17,764.0,591.0,Produto E,Loja Física,173.0,0.22643979057591623,Elisa,Belo Horizonte
744,1,2025-10-17,1379.0,779.0,Produto B,Online,600.0,0.43509789702683105,Ana,São Paulo
745,2,2025-10-17,1787.0,1416.0,Produto D,Loja Física,371.0,0.2076105204252938,Bruno,Curitiba
746,4,2025-10-18,728.0,222.0,Produto A,Loja Física,506.0,0.695054945054945,Diego,Rio de Janeiro
747,5,2025-10-18,1267.0,731.0,Produto E,Loja Física,536.0,0.4230465666929755,Elisa,Belo Horizonte
748,5,2025-10-18,1224.0,958.0,Produto B,Loja Física,266.0,0.2173202614379085,Elisa,Belo Horizonte
749,4,2025-10-19,1844.0,1166.0,Produto A,Loja Física,678.0,0.3676789587852495,Diego,Rio de Janeiro
750,1,2025-10-19,831.0,212.0,Produto E,Loja Física,619.0,0.7448856799037304,Ana,São Paulo
751,2,2025-10-19,1019.0,729.0,Produto E,Loja Física,290.0,0.2845927379784102,Bruno,Curitiba
752,2,2025-10-19,1687.0,927.0,Produto C,Loja Física,760.0,0.45050385299347956,Bruno,Curitiba
753,1,2025-10-20,1199.0,1032.0,Produto C,Loja Física,167.0,0.13928273561301086,Ana,São Paulo
754,3,2025-10-21,1056.0,671.0,Produto D,Online,385.0,0.3645833333333333,Carla,Florianópolis
755,5,2025-10-21,506.0,264.0,Produto D,Online,242.0,0.4782608695652174,Elisa,Belo Horizonte
756,5,2025-10-21,1972.0,1392.0,Produto B,Loja Física,580.0,0.29411764705882354,Elisa,Belo Horizonte
757,5,2025-10-21,1299.0,541.0,Produto A,Online,758.0,0.5835257890685143,Elisa,Belo Horizonte
758,5,2025-10-21,602.0,385.0,Produto A,Loja Física,217.0,0.36046511627906974,Elisa,Belo Horizonte
759,1,2025-10-22,877.0,611.0,Produto B,Online,266.0,0.3033067274800456,Ana,São Paulo
760,5,2025-10-22,928.0,350.0,Produto B,Online,578.0,0.6228448275862069,Elisa,Belo Horizonte
761,3,2025-10-22,1752.0,782.0,Produto A,Loja Física,970.0,0.5536529680365296,Carla,Florianópolis
762,2,2025-10-23,783.0,338.0,Produto B,Loja Física,445.0,0.5683269476372924,Bruno,Curitiba
763,3,2025-10-23,1134.0,244.0,Produto C,Loja Física,890.0,0.7848324514991182,Carla,Florianópolis
764,1,2025-10-23,1885.0,513.0,Produto A,Online,1372.0,0.7278514588859416,Ana,São Paulo
765,2,2025-10-23,695.0,615.0,Produto D,Online,80.0,0.11510791366906475,Bruno,Curitiba
766,5,2025-10-23,831.0,648.0,Produto A,Loja Física,183.0,0.22021660649819494,Elisa,Belo Horizonte
767,5,2025-10-24,1384.0,756.0,Produto B,Loja Física,628.0,0.45375722543352603,Elisa,Belo Horizonte
768,5,2025-10-24,1301.0,1049.0,Produto D,Online,252.0,0.19369715603382015,Elisa,Belo Horizonte
769,4,2025-10-24,1709.0,1706.0,Produto A,Online,3.0,0.0017554125219426564,Diego,Rio de Janeiro
770,4,2025-10-24,645.0,561.0,Produto A,Online,84.0,0.13023255813953488,Diego,Rio de Janeiro
771,5,2025-10-25,1824.0,397.0,Produto E,Online,1427.0,0.7823464912280702,Elisa,Belo Horizonte
772,3,2025-10-26,1468.0,1258.0,Produto A,Online,210.0,0.14305177111716622,Carla,Florianópolis
773,1,2025-10-26,1864.0,1727.0,Produto A,Loja Física,137.0,0.07349785407725322,Ana,São Paulo
774,1,2025-10-26,814.0,239.0,Produto A,Loja Física,575.0,0.7063882063882064,Ana,São Paulo
775,5,2025-10-26,1746.0,1702.0,Produto B,Online,44.0,0.025200458190148912,Elisa,Belo Horizonte
776,2,2025-10-27,1128.0,1064.0,Produto D,Loja Física,64.0,0.05673758865248227,Bruno,Curitiba
777,4,2025-10-27,1167.0,767.0,Produto C,Online,400.0,0.3427592116538132,Diego,Rio de Janeiro
778,5,2025-10-27,1449.0,1246.0,Produto B,Online,203.0,0.14009661835748793,Elisa,Belo Horizonte
779,1,2025-10-27,766.0,450.0,Produto A,Online,316.0,0.412532637075718,Ana,São Paulo
780,3,2025-10-27,572.0,200.0,Produto E,Online,372.0,0.6503496503496503,Carla,Florianópolis
781,4,2025-10-28,1973.0,1671.0,Produto A,Online,302.0,0.15306639635073493,Diego,Rio de Janeiro
782,1,2025-10-28,1033.0,1010.0,Produto D,Loja Física,23.0,0.022265246853823813,Ana,São Paulo
783,5,2025-10-28,700.0,639.0,Produto D,Online,61.0,0.08714285714285715,Elisa,Belo Horizonte
784,5,2025-10-29,738.0,579.0,Produto D,Online,159.0,0.21544715447154472,Elisa,Belo Horizonte
785,5,2025-10-29,1103.0,620.0,Produto B,Loja Física,483.0,0.43789664551223934,Elisa,Belo Horizonte
786,1,2025-10-29,1455.0,913.0,Produto C,Online,542.0,0.3725085910652921,Ana,São Paulo
787,4,2025-10-31,1523.0,1006.0,Produto E,Loja Física,517.0,0.33946158896913986,Diego,Rio de Janeiro
788,4,2025-10-31,852.0,525.0,Produto C,Online,327.0,0.38380281690140844,Diego,Rio de Janeiro
789,1,2025-10-31,1874.0,203.0,Produto C,Loja Física,1671.0,0.891675560298826,Ana,São Paulo
790,1,2025-10-31,1705.0,386.0,Produto B,Loja Física,1319.0,0.7736070381231671,Ana,São Paulo
791,2,2025-11-01,1649.0,1063.0,Produto D,Online,586.0,0.3553668890236507,Bruno,Curitiba
792,5,2025-11-02,811.0,392.0,Produto B,Loja Física,419.0,0.5166461159062885,Elisa,Belo Horizonte
793,3,2025-11-03,1207.0,307.0,Produto C,Online,900.0,0.7456503728251864,Carla,Florianópolis
794,5,2025-11-04,1042.0,892.0,Produto E,Online,150.0,0.14395393474088292,Elisa,Belo Horizonte
795,5,2025-11-04,1048.0,761.0,Produto E,Loja Física,287.0,0.2738549618320611,Elisa,Belo Horizonte
796,1,2025-11-04,1502.0,1381.0,Produto A,Loja Física,121.0,0.08055925432756325,Ana,São Paulo
797,2,2025-11-04,1636.0,1424.0,Produto A,Loja Física,212.0,0.1295843520782396,Bruno,Curitiba
798,1,2025-11-05,1619.0,730.0,Produto E,Online,889.0,0.5491043854231007,Ana,São Paulo
799,1,2025-11-05,1941.0,1934.0,Produto E,Loja Física,7.0,0.0036063884595569293,Ana,São Paulo
800,5,2025-11-06,878.0,223.0,Produto A,Online,655.0,0.7460136674259681,Elisa,Belo Horizonte
801,2,2025-11-06,1865.0,538.0,Produto A,Online,1327.0,0.7115281501340482,Bruno,Curitiba
802,5,2025-11-06,1257.0,1117.0,Produto C,Loja Física,140.0,0.11137629276054097,Elisa,Belo Horizonte
803,3,2025-11-06,1620.0,611.0,Produto D,Loja Física,1009.0,0.6228395061728395,Carla,Florianópolis
804,5,2025-11-06,1550.0,889.0,Produto C,Loja Física,661.0,0.4264516129032258,Elisa,Belo Horizonte
805,5,2025-11-07,1862.0,612.0,Produto E,Online,1250.0,0.6713211600429646,Elisa,Belo Horizonte
806,4,2025-11-07,1485.0,1037.0,Produto D,Loja Física,448.0,0.30168350168350166,Diego,Rio de Janeiro
807,2,2025-11-07,1763.0,428.0,Produto C,Online,1335.0,0.7572319909245604,Bruno,Curitiba
808,1,2025-11-07,1882.0,1154.0,Produto C,Loja Física,728.0,0.38682252922422955,Ana,São Paulo
809,3,2025-11-07,1251.0,723.0,Produto A,Loja Física,528.0,0.42206235011990406,Carla,Florianópolis
810,5,2025-11-08,1734.0,244.0,Produto E,Loja Física,1490.0,0.8592848904267589,Elisa,Belo Horizonte
811,2,2025-11-08,740.0,539.0,Produto B,Loja Física,201.0,0.2716216216216216,Bruno,Curitiba
812,1,2025-11-08,1348.0,778.0,Produto E,Loja Física,570.0,0.4228486646884273,Ana,São Paulo
813,5,2025-11-10,746.0,659.0,Produto E,Online,87.0,0.11662198391420911,Elisa,Belo Horizonte
814,3,2025-11-10,508.0,214.0,Produto E,Loja Física,294.0,0.5787401574803149,Carla,Florianópolis
815,5,2025-11-11,1029.0,259.0,Produto B,Loja Física,770.0,0.7482993197278912,Elisa,Belo Horizonte
816,3,2025-11-11,866.0,396.0,Produto D,Loja Física,470.0,0.5427251732101617,Carla,Florianópolis
817,3,2025-11-11,1896.0,391.0,Produto C,Loja Física,1505.0,0.7937763713080169,Carla,Florianópolis
818,5,2025-11-11,1716.0,1050.0,Produto E,Loja Física,666.0,0.3881118881118881,Elisa,Belo Horizonte
819,4,2025-11-12,670.0,480.0,Produto C,Loja Física,190.0,0.2835820895522388,Diego,Rio de Janeiro
820,1,2025-11-12,827.0,462.0,Produto D,Loja Física,365.0,0.44135429262394194,Ana,São Paulo
821,3,2025-11-14,1361.0,345.0,Produto B,Loja Física,1016.0,0.7465099191770757,Carla,Florianópolis
822,5,2025-11-14,1487.0,464.0,Produto B,Loja Física,1023.0,0.6879623402824478,Elisa,Belo Horizonte
823,5,2025-11-14,1888.0,1864.0,Produto B,Loja Física,24.0,0.012711864406779662,Elisa,Belo Horizonte
824,5,2025-11-14,584.0,544.0,Produto A,Online,40.0,0.0684931506849315,Elisa,Belo Horizonte
825,1,2025-11-14,1207.0,923.0,Produto B,Loja Física,284.0,0.23529411764705882,Ana,São Paulo
826,2,2025-11-15,1764.0,293.0,Produto C,Online,1471.0,0.8339002267573696,Bruno,Curitiba
827,1,2025-11-15,1316.0,349.0,Produto B,Online,967.0,0.7348024316109423,Ana,São Paulo
828,1,2025-11-15,648.0,376.0,Produto A,Online,272.0,0.41975308641975306,Ana,São Paulo
829,2,2025-11-16,522.0,248.0,Produto A,Loja Física,274.0,0.524904214559387,Bruno,Curitiba
830,1,2025-11-16,1124.0,463.0,Produto C,Loja Física,661.0,0.5880782918149466,Ana,São Paulo
831,5,2025-11-16,1563.0,1096.0,Produto E,Online,467.0,0.29878438899552145,Elisa,Belo Horizonte
832,1,2025-11-17,1968.0,976.0,Produto A,Online,992.0,0.5040650406504065,Ana,São Paulo
833,4,2025-11-17,647.0,620.0,Produto E,Loja Física,27.0,0.04173106646058733,Diego,Rio de Janeiro
834,3,2025-11-18,1047.0,910.0,Produto C,Online,137.0,0.1308500477554919,Carla,Florianópolis
835,2,2025-11-18,1196.0,869.0,Produto E,Online,327.0,0.2734113712374582,Bruno,Curitiba
836,3,2025-11-18,720.0,654.0,Produto D,Loja Física,66.0,0.09166666666666666,Carla,Florianópolis
837,1,2025-11-21,1745.0,1141.0,Produto C,Loja Física,604.0,0.3461318051575931,Ana,São Paulo
838,1,2025-11-22,899.0,561.0,Produto B,Online,338.0,0.3759733036707453,Ana,São Paulo
839,3,2025-11-22,1655.0,675.0,Produto D,Loja Física,980.0,0.5921450151057401,Carla,Florianópolis
840,3,2025-11-22,1889.0,1085.0,Produto A,Loja Física,804.0,0.42562202223398626,Carla,Florianópolis
841,5,2025-11-24,1915.0,231.0,Produto D,Loja Física,1684.0,0.8793733681462141,Elisa,Belo Horizonte
842,3,2025-11-24,1458.0,279.0,Produto E,Loja Física,1179.0,0.808641975308642,Carla,Florianópolis
843,4,2025-11-27,1156.0,859.0,Produto A,Online,297.0,0.2569204152249135,Diego,Rio de Janeiro
844,3,2025-11-27,1586.0,540.0,Produto C,Online,1046.0,0.6595208070617906,Carla,Florianópolis
845,2,2025-11-28,1056.0,403.0,Produto A,Loja Física,653.0,0.6183712121212122,Bruno,Curitiba
846,1,2025-11-28,1460.0,1373.0,Produto B,Online,87.0,0.05958904109589041,Ana,São Paulo
847,5,2025-11-28,1215.0,290.0,Produto E,Loja Física,925.0,0.7613168724279835,Elisa,Belo Horizonte
848,2,2025-11-28,758.0,205.0,Produto C,Loja Física,553.0,0.7295514511873351,Bruno,Curitiba
849,1,2025-11-28,1645.0,409.0,Produto C,Online,1236.0,0.7513677811550152,Ana,São Paulo
850,5,2025-11-29,1866.0,1409.0,Produto C,Online,457.0,0.24490889603429797,Elisa,Belo Horizonte
851,2,2025-11-29,1395.0,867.0,Produto C,Online,528.0,0.37849462365591396,Bruno,Curitiba
852,5,2025-11-29,1518.0,1362.0,Produto C,Online,156.0,0.10276679841897234,Elisa,Belo Horizonte
853,2,2025-11-29,1193.0,522.0,Produto C,Online,671.0,0.5624476110645432,Bruno,Curitiba
854,2,2025-11-29,1997.0,1059.0,Produto A,Loja Física,938.0,0.46970455683525286,Bruno,Curitiba
855,4,2025-11-30,980.0,464.0,Produto B,Loja Física,516.0,0.5265306122448979,Diego,Rio de Janeiro
856,5,2025-11-30,641.0,611.0,Produto E,Online,30.0,0.046801872074883,Elisa,Belo Horizonte
857,4,2025-11-30,912.0,731.0,Produto B,Online,181.0,0.19846491228070176,Diego,Rio de Janeiro
858,5,2025-12-02,1889.0,341.0,Produto A,Online,1548.0,0.8194812069878242,Elisa,Belo Horizonte
859,5,2025-12-05,1234.0,231.0,Produto E,Online,1003.0,0.8128038897893031,Elisa,Belo Horizonte
860,3,2025-12-05,711.0,538.0,Produto D,Loja Física,173.0,0.24331926863572434,Carla,Florianópolis
861,4,2025-12-06,1391.0,1382.0,Produto C,Loja Física,9.0,0.006470165348670022,Diego,Rio de Janeiro
862,1,2025-12-07,1851.0,883.0,Produto D,Online,968.0,0.5229605618584549,Ana,São Paulo
863,2,2025-12-07,1239.0,353.0,Produto E,Online,886.0,0.7150928167877321,Bruno,Curitiba
864,1,2025-12-07,1426.0,1337.0,Produto B,Online,89.0,0.06241234221598878,Ana,São Paulo
865,5,2025-12-07,519.0,498.0,Produto B,Loja Física,21.0,0.04046242774566474,Elisa,Belo Horizonte
866,4,2025-12-07,1816.0,948.0,Produto A,Online,868.0,0.4779735682819383,Diego,Rio de Janeiro
867,1,2025-12-08,727.0,626.0,Produto C,Online,101.0,0.13892709766162312,Ana,São Paulo
868,3,2025-12-08,1628.0,1394.0,Produto B,Loja Física,234.0,0.14373464373464373,Carla,Florianópolis
869,5,2025-12-09,584.0,552.0,Produto C,Online,32.0,0.0547945205479452,Elisa,Belo Horizonte
870,5,2025-12-09,1607.0,690.0,Produto D,Loja Física,917.0,0.5706285003111388,Elisa,Belo Horizonte
871,5,2025-12-09,1727.0,469.0,Produto D,Loja Física,1258.0,0.7284308048639259,Elisa,Belo Horizonte
872,3,2025-12-09,577.0,207.0,Produto B,Loja Física,370.0,0.6412478336221837,Carla,Florianópolis
873,5,2025-12-09,677.0,644.0,Produto D,Online,33.0,0.04874446085672083,Elisa,Belo Horizonte
874,3,2025-12-10,1399.0,809.0,Produto E,Loja Física,590.0,0.42172980700500357,Carla,Florianópolis
875,5,2025-12-10,1546.0,473.0,Produto E,Loja Física,1073.0,0.6940491591203105,Elisa,Belo Horizonte
876,2,2025-12-10,1789.0,886.0,Produto D,Loja Física,903.0,0.504751257685858,Bruno,Curitiba
877,3,2025-12-10,821.0,444.0,Produto D,Online,377.0,0.4591961023142509,Carla,Florianópolis
878,2,2025-12-11,1777.0,331.0,Produto B,Online,1446.0,0.8137310073157006,Bruno,Curitiba
879,4,2025-12-11,950.0,677.0,Produto A,Loja Física,273.0,0.2873684210526316,Diego,Rio de Janeiro
880,5,2025-12-11,1837.0,690.0,Produto C,Loja Física,1147.0,0.6243875884594448,Elisa,Belo Horizonte
881,4,2025-12-11,638.0,501.0,Produto A,Loja Física,137.0,0.21473354231974923,Diego,Rio de Janeiro
882,4,2025-12-11,918.0,384.0,Produto D,Loja Física,534.0,0.5816993464052288,Diego,Rio de Janeiro
883,2,2025-12-12,1066.0,640.0,Produto B,Loja Física,426.0,0.399624765478424,Bruno,Curitiba
884,1,2025-12-12,1231.0,254.0,Produto C,Loja Física,977.0,0.7936636880584891,Ana,São Paulo
885,1,2025-12-12,1180.0,400.0,Produto A,Online,780.0,0.6610169491525424,Ana,São Paulo
886,4,2025-12-12,730.0,316.0,Produto E,Loja Física,414.0,0.5671232876712329,Diego,Rio de Janeiro
887,2,2025-12-12,1018.0,966.0,Produto B,Online,52.0,0.05108055009823183,Bruno,Curitiba
888,4,2025-12-13,876.0,420.0,Produto D,Online,456.0,0.5205479452054794,Diego,Rio de Janeiro
889,2,2025-12-13,1170.0,774.0,Produto A,Loja Física,396.0,0.3384615384615385,Bruno,Curitiba
890,2,2025-12-14,1240.0,327.0,Produto D,Online,913.0,0.7362903225806452,Bruno,Curitiba
891,3,2025-12-15,558.0,404.0,Produto A,Online,154.0,0.27598566308243727,Carla,Florianópolis
892,1,2025-12-15,1625.0,891.0,Produto C,Loja Física,734.0,0.45169230769230767,Ana,São Paulo
893,5,2025-12-16,1929.0,1410.0,Produto C,Loja Física,519.0,0.2690513219284603,Elisa,Belo Horizonte
894,2,2025-12-17,1271.0,697.0,Produto A,Loja Física,574.0,0.45161290322580644,Bruno,Curitiba
895,4,2025-12-17,842.0,611.0,Produto E,Loja Física,231.0,0.27434679334916867,Diego,Rio de Janeiro
896,2,2025-12-18,900.0,611.0,Produto B,Loja Física,289.0,0.3211111111111111,Bruno,Curitiba
897,5,2025-12-18,1057.0,265.0,Produto A,Online,792.0,0.7492904446546831,Elisa,Belo Horizonte
898,1,2025-12-19,823.0,622.0,Produto C,Loja Física,201.0,0.244228432563791,Ana,São Paulo
899,2,2025-12-19,1790.0,1405.0,Produto B,Online,385.0,0.21508379888268156,Bruno,Curitiba
900,3,2025-12-19,706.0,380.0,Produto B,Online,326.0,0.46175637393767704,Carla,Florianópolis
901,2,2025-12-19,1725.0,605.0,Produto D,Loja Física,1120.0,0.6492753623188405,Bruno,Curitiba
902,5,2025-12-20,1874.0,750.0,Produto C,Loja Física,1124.0,0.5997865528281751,Elisa,Belo Horizonte
903,1,2025-12-20,1642.0,397.0,Produto A,Loja Física,1245.0,0.7582216808769793,Ana,São Paulo
904,5,2025-12-20,1586.0,343.0,Produto B,Loja Física,1243.0,0.7837326607818411,Elisa,Belo Horizonte
905,2,2025-12-21,1378.0,1310.0,Produto C,Online,68.0,0.04934687953555878,Bruno,Curitiba
906,1,2025-12-21,1729.0,304.0,Produto C,Online,1425.0,0.8241758241758241,Ana,São Paulo
907,1,2025-12-21,1928.0,963.0,Produto D,Online,965.0,0.5005186721991701,Ana,São Paulo
908,5,2025-12-23,530.0,513.0,Produto C,Online,17.0,0.03207547169811321,Elisa,Belo Horizonte
909,2,2025-12-24,1130.0,840.0,Produto A,Loja Física,290.0,0.25663716814159293,Bruno,Curitiba
910,3,2025-12-24,1764.0,1187.0,Produto B,Loja Física,577.0,0.32709750566893425,Carla,Florianópolis
911,1,2025-12-24,1173.0,336.0,Produto C,Online,837.0,0.7135549872122762,Ana,São Paulo
912,2,2025-12-26,1569.0,726.0,Produto D,Online,843.0,0.5372848948374761,Bruno,Curitiba
913,5,2025-12-27,1087.0,953.0,Produto E,Loja Física,134.0,0.12327506899724011,Elisa,Belo Horizonte
914,1,2025-12-27,1587.0,823.0,Produto C,Online,764.0,0.481411468178954,Ana,São Paulo
915,3,2025-12-28,887.0,747.0,Produto E,Loja Física,140.0,0.15783540022547915,Carla,Florianópolis
916,3,2025-12-28,937.0,413.0,Produto E,Online,524.0,0.5592315901814301,Carla,Florianópolis
917,3,2025-12-28,1462.0,1428.0,Produto D,Online,34.0,0.023255813953488372,Carla,Florianópolis
918,4,2025-12-28,1715.0,597.0,Produto E,Online,1118.0,0.6518950437317784,Diego,Rio de Janeiro
919,4,2025-12-28,1788.0,1052.0,Produto C,Online,736.0,0.4116331096196868,Diego,Rio de Janeiro
920,3,2025-12-29,1889.0,1636.0,Produto E,Loja Física,253.0,0.1339332980412917,Carla,Florianópolis
921,4,2025-12-29,975.0,349.0,Produto D,Online,626.0,0.642051282051282,Diego,Rio de Janeiro
922,3,2025-12-29,1271.0,512.0,Produto C,Online,759.0,0.5971675845790716,Carla,Florianópolis
923,3,2025-12-29,1181.0,382.0,Produto C,Online,799.0,0.676545300592718,Carla,Florianópolis
924,4,2025-12-29,1673.0,430.0,Produto D,Online,1243.0,0.7429766885833832,Diego,Rio de Janeiro
925,3,2025-12-30,790.0,610.0,Produto E,Online,180.0,0.22784810126582278,Carla,Florianópolis
926,3,2025-12-31,1264.0,685.0,Produto C,Loja Física,579.0,0.45806962025316456,Carla,Florianópolis
927,5,2025-12-31,1103.0,1081.0,Produto D,Loja Física,22.0,0.019945602901178604,Elisa,Belo Horizonte
928,3,2025-12-31,817.0,463.0,Produto C,Online,354.0,0.43329253365973075,Carla,Florianópolis
929,2,2025-12-31,1362.0,244.0,Produto B,Online,1118.0,0.8208516886930984,Bruno,Curitiba
